team,name,playerId,instagram
LG,구본혁,69100,https://www.instagram.com/lgtwinsbaseballclub?utm_source=ig_web_button_share_sheet&igsh=ZDNlZDc4MzIxNw==
LG,김강률,77263,https://www.instagram.com/lgtwinsbaseballclub?utm_source=ig_web_button_share_sheet&igsh=ZDNlZDc6MzIxNw==
LG,김대현,66145,https://www.instagram.com/lgtwinsbaseballclub?utm_source=ig_web_button_share_sheet&igsh=ZDNlZDc7MzIxNw==
LG,김민수,67504,https://www.instagram.com/lgtwinsbaseballclub?utm_source=ig_web_button_share_sheet&igsh=ZDNlZDc9MzIxNw==
LG,김범석,53144,https://www.instagram.com/lgtwinsbaseballclub?utm_source=ig_web_button_share_sheet&igsh=ZDNlZDc10MzIxNw==
LG,김성우,52105,https://www.instagram.com/lgtwinsbaseballclub?utm_source=ig_web_button_share_sheet&igsh=ZDNlZDc11MzIxNw==
LG,김성진,69105,https://www.instagram.com/lgtwinsbaseballclub?utm_source=ig_web_button_share_sheet&igsh=ZDNlZDc12MzIxNw==
LG,김영우,55167,https://www.instagram.com/lgtwinsbaseballclub?utm_source=ig_web_button_share_sheet&igsh=ZDNlZDc14MzIxNw==
LG,김영준,68130,https://www.instagram.com/lgtwinsbaseballclub?utm_source=ig_web_button_share_sheet&igsh=ZDNlZDc15MzIxNw==
LG,김유영,64596,https://www.instagram.com/lgtwinsbaseballclub?utm_source=ig_web_button_share_sheet&igsh=ZDNlZDc17MzIxNw==
LG,김종운,55122,https://www.instagram.com/lgtwinsbaseballclub?utm_source=ig_web_button_share_sheet&igsh=ZDNlZDc19MzIxNw==
LG,김주성,66162,https://www.instagram.com/lgtwinsbaseballclub?utm_source=ig_web_button_share_sheet&igsh=ZDNlZDc20MzIxNw==
LG,김주온,65411,https://www.instagram.com/lgtwinsbaseballclub?utm_source=ig_web_button_share_sheet&igsh=ZDNlZDc21MzIxNw==
LG,김준태,62558,https://www.instagram.com/lgtwinsbaseballclub?utm_source=ig_web_button_share_sheet&igsh=ZDNlZDc22MzIxNw==
LG,김진성,75867,https://www.instagram.com/lgtwinsbaseballclub?utm_source=ig_web_button_share_sheet&igsh=ZDNlZDc24MzIxNw==
LG,김진수,51154,https://www.instagram.com/lgtwinsbaseballclub?utm_source=ig_web_button_share_sheet&igsh=ZDNlZDc25MzIxNw==
LG,김현수,76290,https://www.instagram.com/lgtwinsbaseballclub?utm_source=ig_web_button_share_sheet&igsh=ZDNlZDc26MzIxNw==
LG,김현종,54166,https://www.instagram.com/lgtwinsbaseballclub?utm_source=ig_web_button_share_sheet&igsh=ZDNlZDc27MzIxNw==
LG,문보경,69102,https://www.instagram.com/lgtwinsbaseballclub?utm_source=ig_web_button_share_sheet&igsh=ZDNlZDc29MzIxNw==
LG,문성주,68119,https://www.instagram.com/lgtwinsbaseballclub?utm_source=ig_web_button_share_sheet&igsh=ZDNlZDc30MzIxNw==
LG,문정빈,52121,https://www.instagram.com/lgtwinsbaseballclub?utm_source=ig_web_button_share_sheet&igsh=ZDNlZDc31MzIxNw==
LG,박관우,55164,https://www.instagram.com/lgtwinsbaseballclub?utm_source=ig_web_button_share_sheet&igsh=ZDNlZDc33MzIxNw==
LG,박동원,79365,https://www.instagram.com/lgtwinsbaseballclub?utm_source=ig_web_button_share_sheet&igsh=ZDNlZDc34MzIxNw==
LG,박명근,53139,https://www.instagram.com/lgtwinsbaseballclub?utm_source=ig_web_button_share_sheet&igsh=ZDNlZDc35MzIxNw==
LG,박시원,55121,https://www.instagram.com/lgtwinsbaseballclub?utm_source=ig_web_button_share_sheet&igsh=ZDNlZDc37MzIxNw==
LG,박해민,62415,https://www.instagram.com/lgtwinsbaseballclub?utm_source=ig_web_button_share_sheet&igsh=ZDNlZDc38MzIxNw==
LG,배재준,63145,https://www.instagram.com/lgtwinsbaseballclub?utm_source=ig_web_button_share_sheet&igsh=ZDNlZDc39MzIxNw==
LG,백승현,65109,https://www.instagram.com/lgtwinsbaseballclub?utm_source=ig_web_button_share_sheet&igsh=ZDNlZDc41MzIxNw==
LG,서영준,55160,https://www.instagram.com/lgtwinsbaseballclub?utm_source=ig_web_button_share_sheet&igsh=ZDNlZDc42MzIxNw==
LG,성동현,68159,https://www.instagram.com/lgtwinsbaseballclub?utm_source=ig_web_button_share_sheet&igsh=ZDNlZDc43MzIxNw==
LG,손용준,54156,https://www.instagram.com/lgtwinsbaseballclub?utm_source=ig_web_button_share_sheet&igsh=ZDNlZDc45MzIxNw==
LG,손주영,67143,https://www.instagram.com/lgtwinsbaseballclub?utm_source=ig_web_button_share_sheet&igsh=ZDNlZDc46MzIxNw==
LG,송승기,51111,https://www.instagram.com/lgtwinsbaseballclub?utm_source=ig_web_button_share_sheet&igsh=ZDNlZDc48MzIxNw==
LG,송찬의,68110,https://www.instagram.com/lgtwinsbaseballclub?utm_source=ig_web_button_share_sheet&igsh=ZDNlZDc49MzIxNw==
LG,신민재,65207,https://www.instagram.com/lgtwinsbaseballclub?utm_source=ig_web_button_share_sheet&igsh=ZDNlZDc50MzIxNw==
LG,심창민,61411,https://www.instagram.com/lgtwinsbaseballclub?utm_source=ig_web_button_share_sheet&igsh=ZDNlZDc52MzIxNw==
LG,안익훈,65115,https://www.instagram.com/lgtwinsbaseballclub?utm_source=ig_web_button_share_sheet&igsh=ZDNlZDc54MzIxNw==
LG,에르난데스,54119,https://www.instagram.com/lgtwinsbaseballclub?utm_source=ig_web_button_share_sheet&igsh=ZDNlZDc57MzIxNw==
LG,오스틴,53123,https://www.instagram.com/lgtwinsbaseballclub?utm_source=ig_web_button_share_sheet&igsh=ZDNlZDc58MzIxNw==
LG,오지환,79109,https://www.instagram.com/lgtwinsbaseballclub?utm_source=ig_web_button_share_sheet&igsh=ZDNlZDc59MzIxNw==
LG,우강훈,51526,https://www.instagram.com/lgtwinsbaseballclub?utm_source=ig_web_button_share_sheet&igsh=ZDNlZDc60MzIxNw==
LG,유영찬,50106,https://www.instagram.com/lgtwinsbaseballclub?utm_source=ig_web_button_share_sheet&igsh=ZDNlZDc63MzIxNw==
LG,이영빈,51100,https://www.instagram.com/lgtwinsbaseballclub?utm_source=ig_web_button_share_sheet&igsh=ZDNlZDc65MzIxNw==
LG,이우찬,61145,https://www.instagram.com/lgtwinsbaseballclub?utm_source=ig_web_button_share_sheet&igsh=ZDNlZDc66MzIxNw==
LG,이정용,69134,https://www.instagram.com/lgtwinsbaseballclub?utm_source=ig_web_button_share_sheet&igsh=ZDNlZDc67MzIxNw==
LG,이종준,50904,https://www.instagram.com/lgtwinsbaseballclub?utm_source=ig_web_button_share_sheet&igsh=ZDNlZDc69MzIxNw==
LG,이주헌,52154,https://www.instagram.com/lgtwinsbaseballclub?utm_source=ig_web_button_share_sheet&igsh=ZDNlZDc70MzIxNw==
LG,이지강,69108,https://www.instagram.com/lgtwinsbaseballclub?utm_source=ig_web_button_share_sheet&igsh=ZDNlZDc72MzIxNw==
LG,이태훈,55165,https://www.instagram.com/lgtwinsbaseballclub?utm_source=ig_web_button_share_sheet&igsh=ZDNlZDc73MzIxNw==
LG,이한림,55100,https://www.instagram.com/lgtwinsbaseballclub?utm_source=ig_web_button_share_sheet&igsh=ZDNlZDc74MzIxNw==
LG,임찬규,61101,https://www.instagram.com/lgtwinsbaseballclub?utm_source=ig_web_button_share_sheet&igsh=ZDNlZDc76MzIxNw==
LG,장현식,63950,https://www.instagram.com/lgtwinsbaseballclub?utm_source=ig_web_button_share_sheet&igsh=ZDNlZDc77MzIxNw==
LG,정우영,69159,https://www.instagram.com/lgtwinsbaseballclub?utm_source=ig_web_button_share_sheet&igsh=ZDNlZDc80MzIxNw==
LG,진우영,54148,https://www.instagram.com/lgtwinsbaseballclub?utm_source=ig_web_button_share_sheet&igsh=ZDNlZDc84MzIxNw==
LG,천성호,50054,https://www.instagram.com/lgtwinsbaseballclub?utm_source=ig_web_button_share_sheet&igsh=ZDNlZDc85MzIxNw==
LG,최승민,65905,https://www.instagram.com/lgtwinsbaseballclub?utm_source=ig_web_button_share_sheet&igsh=ZDNlZDc86MzIxNw==
LG,최원영,52103,https://www.instagram.com/lgtwinsbaseballclub?utm_source=ig_web_button_share_sheet&igsh=ZDNlZDc88MzIxNw==
LG,최채흥,68419,https://www.instagram.com/lgtwinsbaseballclub?utm_source=ig_web_button_share_sheet&igsh=ZDNlZDc89MzIxNw==
LG,추세현,55163,https://www.instagram.com/lgtwinsbaseballclub?utm_source=ig_web_button_share_sheet&igsh=ZDNlZDc90MzIxNw==
LG,치리노스,55146,https://www.instagram.com/lgtwinsbaseballclub?utm_source=ig_web_button_share_sheet&igsh=ZDNlZDc91MzIxNw==
LG,코엔 윈,55138,https://www.instagram.com/lgtwinsbaseballclub?utm_source=ig_web_button_share_sheet&igsh=ZDNlZDc92MzIxNw==
LG,톨허스트,55130,https://www.instagram.com/lgtwinsbaseballclub?utm_source=ig_web_button_share_sheet&igsh=ZDNlZDc93MzIxNw==
LG,함덕주,63248,https://www.instagram.com/lgtwinsbaseballclub?utm_source=ig_web_button_share_sheet&igsh=ZDNlZDc95MzIxNw==
LG,함창건,50108,https://www.instagram.com/lgtwinsbaseballclub?utm_source=ig_web_button_share_sheet&igsh=ZDNlZDc96MzIxNw==
LG,허용주,53102,https://www.instagram.com/lgtwinsbaseballclub?utm_source=ig_web_button_share_sheet&igsh=ZDNlZDc97MzIxNw==
LG,허준혁,52119,https://www.instagram.com/lgtwinsbaseballclub?utm_source=ig_web_button_share_sheet&igsh=ZDNlZDc98MzIxNw==
LG,홍창기,66108,https://www.instagram.com/lgtwinsbaseballclub?utm_source=ig_web_button_share_sheet&igsh=ZDNlZDc99MzIxNw==
한화,강재민,50705,https://www.instagram.com/hanwhaeagles_soori?utm_source=ig_web_button_share_sheet&igsh=ZDNlZDc0MzIxNw==
한화,권광민,52769,https://www.instagram.com/hanwhaeagles_soori?utm_source=ig_web_button_share_sheet&igsh=ZDNlZDc1MzIxNw==
한화,권민규,55764,https://www.instagram.com/hanwhaeagles_soori?utm_source=ig_web_button_share_sheet&igsh=ZDNlZDc2MzIxNw==
한화,김기중,51715,https://www.instagram.com/hanwhaeagles_soori?utm_source=ig_web_button_share_sheet&igsh=ZDNlZDc7MzIxNw==
한화,김도빈,54705,https://www.instagram.com/hanwhaeagles_soori?utm_source=ig_web_button_share_sheet&igsh=ZDNlZDc8MzIxNw==
한화,김민우,65764,https://www.instagram.com/hanwhaeagles_soori?utm_source=ig_web_button_share_sheet&igsh=ZDNlZDc9MzIxNw==
한화,김범수,65769,https://www.instagram.com/hanwhaeagles_soori?utm_source=ig_web_button_share_sheet&igsh=ZDNlZDc10MzIxNw==
한화,김서현,53754,https://www.instagram.com/hanwhaeagles_soori?utm_source=ig_web_button_share_sheet&igsh=ZDNlZDc12MzIxNw==
한화,김승일,50711,https://www.instagram.com/hanwhaeagles_soori?utm_source=ig_web_button_share_sheet&igsh=ZDNlZDc13MzIxNw==
한화,김인환,66715,https://www.instagram.com/hanwhaeagles_soori?utm_source=ig_web_button_share_sheet&igsh=ZDNlZDc15MzIxNw==
한화,김종수,63765,https://www.instagram.com/hanwhaeagles_soori?utm_source=ig_web_button_share_sheet&igsh=ZDNlZDc16MzIxNw==
한화,김태연,66704,https://www.instagram.com/hanwhaeagles_soori?utm_source=ig_web_button_share_sheet&igsh=ZDNlZDc17MzIxNw==
한화,노시환,69737,https://www.instagram.com/hanwhaeagles_soori?utm_source=ig_web_button_share_sheet&igsh=ZDNlZDc20MzIxNw==
한화,류현진,76715,https://www.instagram.com/hanwhaeagles_soori?utm_source=ig_web_button_share_sheet&igsh=ZDNlZDc21MzIxNw==
한화,리베라토,55703,https://www.instagram.com/hanwhaeagles_soori?utm_source=ig_web_button_share_sheet&igsh=ZDNlZDc22MzIxNw==
한화,문동주,52701,https://www.instagram.com/hanwhaeagles_soori?utm_source=ig_web_button_share_sheet&igsh=ZDNlZDc23MzIxNw==
한화,문승진,51705,https://www.instagram.com/hanwhaeagles_soori?utm_source=ig_web_button_share_sheet&igsh=ZDNlZDc24MzIxNw==
한화,문현빈,53764,https://www.instagram.com/hanwhaeagles_soori?utm_source=ig_web_button_share_sheet&igsh=ZDNlZDc25MzIxNw==
한화,박상언,66707,https://www.instagram.com/hanwhaeagles_soori?utm_source=ig_web_button_share_sheet&igsh=ZDNlZDc28MzIxNw==
한화,박상원,67703,https://www.instagram.com/hanwhaeagles_soori?utm_source=ig_web_button_share_sheet&igsh=ZDNlZDc29MzIxNw==
한화,박정현,50709,https://www.instagram.com/hanwhaeagles_soori?utm_source=ig_web_button_share_sheet&igsh=ZDNlZDc33MzIxNw==
한화,박준영,52731,https://www.instagram.com/hanwhaeagles_soori?utm_source=ig_web_button_share_sheet&igsh=ZDNlZDc34MzIxNw==
한화,배동현,51761,https://www.instagram.com/hanwhaeagles_soori?utm_source=ig_web_button_share_sheet&igsh=ZDNlZDc35MzIxNw==
한화,배민서,69974,https://www.instagram.com/hanwhaeagles_soori?utm_source=ig_web_button_share_sheet&igsh=ZDNlZDc36MzIxNw==
한화,배승수,55798,https://www.instagram.com/hanwhaeagles_soori?utm_source=ig_web_button_share_sheet&igsh=ZDNlZDc37MzIxNw==
한화,성지훈,53711,https://www.instagram.com/hanwhaeagles_soori?utm_source=ig_web_button_share_sheet&igsh=ZDNlZDc38MzIxNw==
한화,손아섭,77532,https://www.instagram.com/hanwhaeagles_soori?utm_source=ig_web_button_share_sheet&igsh=ZDNlZDc39MzIxNw==
한화,심우준,64006,https://www.instagram.com/hanwhaeagles_soori?utm_source=ig_web_button_share_sheet&igsh=ZDNlZDc42MzIxNw==
한화,안치홍,79608,https://www.instagram.com/hanwhaeagles_soori?utm_source=ig_web_button_share_sheet&igsh=ZDNlZDc44MzIxNw==
한화,엄상백,65056,https://www.instagram.com/hanwhaeagles_soori?utm_source=ig_web_button_share_sheet&igsh=ZDNlZDc46MzIxNw==
한화,와이스,54755,https://www.instagram.com/hanwhaeagles_soori?utm_source=ig_web_button_share_sheet&igsh=ZDNlZDc49MzIxNw==
한화,원종혁,54702,https://www.instagram.com/hanwhaeagles_soori?utm_source=ig_web_button_share_sheet&igsh=ZDNlZDc50MzIxNw==
한화,유로결,69766,https://www.instagram.com/hanwhaeagles_soori?utm_source=ig_web_button_share_sheet&igsh=ZDNlZDc51MzIxNw==
한화,윤대경,63464,https://www.instagram.com/hanwhaeagles_soori?utm_source=ig_web_button_share_sheet&igsh=ZDNlZDc53MzIxNw==
한화,윤산흠,69213,https://www.instagram.com/hanwhaeagles_soori?utm_source=ig_web_button_share_sheet&igsh=ZDNlZDc54MzIxNw==
한화,이도윤,65703,https://www.instagram.com/hanwhaeagles_soori?utm_source=ig_web_button_share_sheet&igsh=ZDNlZDc56MzIxNw==
한화,이민우,65616,https://www.instagram.com/hanwhaeagles_soori?utm_source=ig_web_button_share_sheet&igsh=ZDNlZDc58MzIxNw==
한화,이민재,55710,https://www.instagram.com/hanwhaeagles_soori?utm_source=ig_web_button_share_sheet&igsh=ZDNlZDc59MzIxNw==
한화,이상규,65117,https://www.instagram.com/hanwhaeagles_soori?utm_source=ig_web_button_share_sheet&igsh=ZDNlZDc60MzIxNw==
한화,이상혁,52704,https://www.instagram.com/hanwhaeagles_soori?utm_source=ig_web_button_share_sheet&igsh=ZDNlZDc61MzIxNw==
한화,이승현,55712,https://www.instagram.com/hanwhaeagles_soori?utm_source=ig_web_button_share_sheet&igsh=ZDNlZDc63MzIxNw==
한화,이원석,68700,https://www.instagram.com/hanwhaeagles_soori?utm_source=ig_web_button_share_sheet&igsh=ZDNlZDc64MzIxNw==
한화,이재원,76812,https://www.instagram.com/hanwhaeagles_soori?utm_source=ig_web_button_share_sheet&igsh=ZDNlZDc65MzIxNw==
한화,이진영,66657,https://www.instagram.com/hanwhaeagles_soori?utm_source=ig_web_button_share_sheet&igsh=ZDNlZDc67MzIxNw==
한화,이태양,60768,https://www.instagram.com/hanwhaeagles_soori?utm_source=ig_web_button_share_sheet&igsh=ZDNlZDc69MzIxNw==
한화,임종찬,50704,https://www.instagram.com/hanwhaeagles_soori?utm_source=ig_web_button_share_sheet&igsh=ZDNlZDc70MzIxNw==
한화,장규현,51762,https://www.instagram.com/hanwhaeagles_soori?utm_source=ig_web_button_share_sheet&igsh=ZDNlZDc71MzIxNw==
한화,장민재,79764,https://www.instagram.com/hanwhaeagles_soori?utm_source=ig_web_button_share_sheet&igsh=ZDNlZDc72MzIxNw==
한화,장시환,77318,https://www.instagram.com/hanwhaeagles_soori?utm_source=ig_web_button_share_sheet&igsh=ZDNlZDc73MzIxNw==
한화,장지수,69645,https://www.instagram.com/hanwhaeagles_soori?utm_source=ig_web_button_share_sheet&igsh=ZDNlZDc74MzIxNw==
한화,정민규,51764,https://www.instagram.com/hanwhaeagles_soori?utm_source=ig_web_button_share_sheet&igsh=ZDNlZDc75MzIxNw==
한화,정우주,55743,https://www.instagram.com/hanwhaeagles_soori?utm_source=ig_web_button_share_sheet&igsh=ZDNlZDc77MzIxNw==
한화,조동욱,54768,https://www.instagram.com/hanwhaeagles_soori?utm_source=ig_web_button_share_sheet&igsh=ZDNlZDc79MzIxNw==
한화,주현상,65707,https://www.instagram.com/hanwhaeagles_soori?utm_source=ig_web_button_share_sheet&igsh=ZDNlZDc81MzIxNw==
한화,채은성,79192,https://www.instagram.com/hanwhaeagles_soori?utm_source=ig_web_button_share_sheet&igsh=ZDNlZDc82MzIxNw==
한화,최인호,50707,https://www.instagram.com/hanwhaeagles_soori?utm_source=ig_web_button_share_sheet&igsh=ZDNlZDc84MzIxNw==
한화,최재훈,78288,https://www.instagram.com/hanwhaeagles_soori?utm_source=ig_web_button_share_sheet&igsh=ZDNlZDc85MzIxNw==
한화,최준서,54710,https://www.instagram.com/hanwhaeagles_soori?utm_source=ig_web_button_share_sheet&igsh=ZDNlZDc87MzIxNw==
한화,폰세,55730,https://www.instagram.com/hanwhaeagles_soori?utm_source=ig_web_button_share_sheet&igsh=ZDNlZDc88MzIxNw==
한화,플로리얼,55734,https://www.instagram.com/hanwhaeagles_soori?utm_source=ig_web_button_share_sheet&igsh=ZDNlZDc89MzIxNw==
한화,하주석,62700,https://www.instagram.com/hanwhaeagles_soori?utm_source=ig_web_button_share_sheet&igsh=ZDNlZDc90MzIxNw==
한화,한승혁,61666,https://www.instagram.com/hanwhaeagles_soori?utm_source=ig_web_button_share_sheet&igsh=ZDNlZDc93MzIxNw==
한화,한지윤,55767,https://www.instagram.com/hanwhaeagles_soori?utm_source=ig_web_button_share_sheet&igsh=ZDNlZDc94MzIxNw==
한화,허인서,52764,https://www.instagram.com/hanwhaeagles_soori?utm_source=ig_web_button_share_sheet&igsh=ZDNlZDc96MzIxNw==
한화,황영묵,54795,https://www.instagram.com/hanwhaeagles_soori?utm_source=ig_web_button_share_sheet&igsh=ZDNlZDc97MzIxNw==
한화,황준서,54729,https://www.instagram.com/hanwhaeagles_soori?utm_source=ig_web_button_share_sheet&igsh=ZDNlZDc98MzIxNw==
SSG,고명준,51868,https://www.instagram.com/ssglanders.incheon?utm_source=ig_web_button_share_sheet&igsh=ZDNlZDc0MzIxNw==
SSG,김강민,71837,https://www.instagram.com/ssglanders.incheon?utm_source=ig_web_button_share_sheet&igsh=ZDNlZDc1MzIxNw==
SSG,김건우,51867,https://www.instagram.com/ssglanders.incheon?utm_source=ig_web_button_share_sheet&igsh=ZDNlZDc2MzIxNw==
SSG,김광현,77829,https://www.instagram.com/ssglanders.incheon?utm_source=ig_web_button_share_sheet&igsh=ZDNlZDc3MzIxNw==
SSG,김규민,54810,https://www.instagram.com/ssglanders.incheon?utm_source=ig_web_button_share_sheet&igsh=ZDNlZDc4MzIxNw==
SSG,김민,68043,https://www.instagram.com/ssglanders.incheon?utm_source=ig_web_button_share_sheet&igsh=ZDNlZDc6MzIxNw==
SSG,김민식,62864,https://www.instagram.com/ssglanders.incheon?utm_source=ig_web_button_share_sheet&igsh=ZDNlZDc7MzIxNw==
SSG,김성민,50848,https://www.instagram.com/ssglanders.incheon?utm_source=ig_web_button_share_sheet&igsh=ZDNlZDc8MzIxNw==
SSG,김성욱,62934,https://www.instagram.com/ssglanders.incheon?utm_source=ig_web_button_share_sheet&igsh=ZDNlZDc9MzIxNw==
SSG,김성현,76802,https://www.instagram.com/ssglanders.incheon?utm_source=ig_web_button_share_sheet&igsh=ZDNlZDc10MzIxNw==
SSG,김수윤,67900,https://www.instagram.com/ssglanders.incheon?utm_source=ig_web_button_share_sheet&igsh=ZDNlZDc11MzIxNw==
SSG,김찬형,66917,https://www.instagram.com/ssglanders.incheon?utm_source=ig_web_button_share_sheet&igsh=ZDNlZDc14MzIxNw==
SSG,김창평,69825,https://www.instagram.com/ssglanders.incheon?utm_source=ig_web_button_share_sheet&igsh=ZDNlZDc15MzIxNw==
SSG,김태윤,52803,https://www.instagram.com/ssglanders.incheon?utm_source=ig_web_button_share_sheet&igsh=ZDNlZDc16MzIxNw==
SSG,김택형,65343,https://www.instagram.com/ssglanders.incheon?utm_source=ig_web_button_share_sheet&igsh=ZDNlZDc17MzIxNw==
SSG,노경은,73211,https://www.instagram.com/ssglanders.incheon?utm_source=ig_web_button_share_sheet&igsh=ZDNlZDc19MzIxNw==
SSG,류효승,50868,https://www.instagram.com/ssglanders.incheon?utm_source=ig_web_button_share_sheet&igsh=ZDNlZDc21MzIxNw==
SSG,맥브룸,55844,https://www.instagram.com/ssglanders.incheon?utm_source=ig_web_button_share_sheet&igsh=ZDNlZDc22MzIxNw==
SSG,문승원,62869,https://www.instagram.com/ssglanders.incheon?utm_source=ig_web_button_share_sheet&igsh=ZDNlZDc23MzIxNw==
SSG,박기호,54802,https://www.instagram.com/ssglanders.incheon?utm_source=ig_web_button_share_sheet&igsh=ZDNlZDc24MzIxNw==
SSG,박대온,64944,https://www.instagram.com/ssglanders.incheon?utm_source=ig_web_button_share_sheet&igsh=ZDNlZDc25MzIxNw==
SSG,박성빈,54807,https://www.instagram.com/ssglanders.incheon?utm_source=ig_web_button_share_sheet&igsh=ZDNlZDc28MzIxNw==
SSG,박성한,67893,https://www.instagram.com/ssglanders.incheon?utm_source=ig_web_button_share_sheet&igsh=ZDNlZDc29MzIxNw==
SSG,박시후,50812,https://www.instagram.com/ssglanders.incheon?utm_source=ig_web_button_share_sheet&igsh=ZDNlZDc30MzIxNw==
SSG,박정빈,51860,https://www.instagram.com/ssglanders.incheon?utm_source=ig_web_button_share_sheet&igsh=ZDNlZDc31MzIxNw==
SSG,박종훈,60841,https://www.instagram.com/ssglanders.incheon?utm_source=ig_web_button_share_sheet&igsh=ZDNlZDc32MzIxNw==
SSG,박지환,54805,https://www.instagram.com/ssglanders.incheon?utm_source=ig_web_button_share_sheet&igsh=ZDNlZDc33MzIxNw==
SSG,백승건,69839,https://www.instagram.com/ssglanders.incheon?utm_source=ig_web_button_share_sheet&igsh=ZDNlZDc34MzIxNw==
SSG,서진용,61895,https://www.instagram.com/ssglanders.incheon?utm_source=ig_web_button_share_sheet&igsh=ZDNlZDc36MzIxNw==
SSG,석정우,52804,https://www.instagram.com/ssglanders.incheon?utm_source=ig_web_button_share_sheet&igsh=ZDNlZDc37MzIxNw==
SSG,송영진,53898,https://www.instagram.com/ssglanders.incheon?utm_source=ig_web_button_share_sheet&igsh=ZDNlZDc38MzIxNw==
SSG,신범수,66662,https://www.instagram.com/ssglanders.incheon?utm_source=ig_web_button_share_sheet&igsh=ZDNlZDc39MzIxNw==
SSG,신지환,55860,https://www.instagram.com/ssglanders.incheon?utm_source=ig_web_button_share_sheet&igsh=ZDNlZDc40MzIxNw==
SSG,안상현,66864,https://www.instagram.com/ssglanders.incheon?utm_source=ig_web_button_share_sheet&igsh=ZDNlZDc42MzIxNw==
SSG,앤더슨,54833,https://www.instagram.com/ssglanders.incheon?utm_source=ig_web_button_share_sheet&igsh=ZDNlZDc44MzIxNw==
SSG,에레디아,53827,https://www.instagram.com/ssglanders.incheon?utm_source=ig_web_button_share_sheet&igsh=ZDNlZDc45MzIxNw==
SSG,오태곤,60558,https://www.instagram.com/ssglanders.incheon?utm_source=ig_web_button_share_sheet&igsh=ZDNlZDc46MzIxNw==
SSG,이건욱,64861,https://www.instagram.com/ssglanders.incheon?utm_source=ig_web_button_share_sheet&igsh=ZDNlZDc48MzIxNw==
SSG,이로운,53892,https://www.instagram.com/ssglanders.incheon?utm_source=ig_web_button_share_sheet&igsh=ZDNlZDc50MzIxNw==
SSG,이승민,54806,https://www.instagram.com/ssglanders.incheon?utm_source=ig_web_button_share_sheet&igsh=ZDNlZDc51MzIxNw==
SSG,이율예,55832,https://www.instagram.com/ssglanders.incheon?utm_source=ig_web_button_share_sheet&igsh=ZDNlZDc54MzIxNw==
SSG,이정범,67807,https://www.instagram.com/ssglanders.incheon?utm_source=ig_web_button_share_sheet&igsh=ZDNlZDc55MzIxNw==
SSG,이지영,79456,https://www.instagram.com/ssglanders.incheon?utm_source=ig_web_button_share_sheet&igsh=ZDNlZDc56MzIxNw==
SSG,임근우,52807,https://www.instagram.com/ssglanders.incheon?utm_source=ig_web_button_share_sheet&igsh=ZDNlZDc57MzIxNw==
SSG,장지훈,51895,https://www.instagram.com/ssglanders.incheon?utm_source=ig_web_button_share_sheet&igsh=ZDNlZDc59MzIxNw==
SSG,전영준,52809,https://www.instagram.com/ssglanders.incheon?utm_source=ig_web_button_share_sheet&igsh=ZDNlZDc61MzIxNw==
SSG,정동윤,66858,https://www.instagram.com/ssglanders.incheon?utm_source=ig_web_button_share_sheet&igsh=ZDNlZDc62MzIxNw==
SSG,정준재,54812,https://www.instagram.com/ssglanders.incheon?utm_source=ig_web_button_share_sheet&igsh=ZDNlZDc63MzIxNw==
SSG,조병현,51897,https://www.instagram.com/ssglanders.incheon?utm_source=ig_web_button_share_sheet&igsh=ZDNlZDc65MzIxNw==
SSG,조형우,51865,https://www.instagram.com/ssglanders.incheon?utm_source=ig_web_button_share_sheet&igsh=ZDNlZDc67MzIxNw==
SSG,채현우,69804,https://www.instagram.com/ssglanders.incheon?utm_source=ig_web_button_share_sheet&igsh=ZDNlZDc68MzIxNw==
SSG,천범석,55890,https://www.instagram.com/ssglanders.incheon?utm_source=ig_web_button_share_sheet&igsh=ZDNlZDc69MzIxNw==
SSG,최민준,68856,https://www.instagram.com/ssglanders.incheon?utm_source=ig_web_button_share_sheet&igsh=ZDNlZDc70MzIxNw==
SSG,최민창,65157,https://www.instagram.com/ssglanders.incheon?utm_source=ig_web_button_share_sheet&igsh=ZDNlZDc71MzIxNw==
SSG,최상민,68805,https://www.instagram.com/ssglanders.incheon?utm_source=ig_web_button_share_sheet&igsh=ZDNlZDc72MzIxNw==
SSG,최윤석,55894,https://www.instagram.com/ssglanders.incheon?utm_source=ig_web_button_share_sheet&igsh=ZDNlZDc74MzIxNw==
SSG,최정,75847,https://www.instagram.com/ssglanders.incheon?utm_source=ig_web_button_share_sheet&igsh=ZDNlZDc75MzIxNw==
SSG,최준우,68868,https://www.instagram.com/ssglanders.incheon?utm_source=ig_web_button_share_sheet&igsh=ZDNlZDc76MzIxNw==
SSG,최지훈,50854,https://www.instagram.com/ssglanders.incheon?utm_source=ig_web_button_share_sheet&igsh=ZDNlZDc77MzIxNw==
SSG,최현석,54803,https://www.instagram.com/ssglanders.incheon?utm_source=ig_web_button_share_sheet&igsh=ZDNlZDc78MzIxNw==
SSG,하재훈,69813,https://www.instagram.com/ssglanders.incheon?utm_source=ig_web_button_share_sheet&igsh=ZDNlZDc79MzIxNw==
SSG,한두솔,68092,https://www.instagram.com/ssglanders.incheon?utm_source=ig_web_button_share_sheet&igsh=ZDNlZDc80MzIxNw==
SSG,한유섬,62895,https://www.instagram.com/ssglanders.incheon?utm_source=ig_web_button_share_sheet&igsh=ZDNlZDc81MzIxNw==
SSG,현원회,50840,https://www.instagram.com/ssglanders.incheon?utm_source=ig_web_button_share_sheet&igsh=ZDNlZDc84MzIxNw==
SSG,홍대인,55897,https://www.instagram.com/ssglanders.incheon?utm_source=ig_web_button_share_sheet&igsh=ZDNlZDc85MzIxNw==
SSG,화이트,55855,https://www.instagram.com/ssglanders.incheon?utm_source=ig_web_button_share_sheet&igsh=ZDNlZDc86MzIxNw==
삼성,가라비토,55460,https://www.instagram.com/samsunglions_baseballclub?utm_source=ig_web_button_share_sheet&igsh=ZDNlZDc0MzIxNw==
삼성,강민호,74540,https://www.instagram.com/samsunglions_baseballclub?utm_source=ig_web_button_share_sheet&igsh=ZDNlZDc2MzIxNw==
삼성,강한울,64610,https://www.instagram.com/samsunglions_baseballclub?utm_source=ig_web_button_share_sheet&igsh=ZDNlZDc4MzIxNw==
삼성,공민규,68407,https://www.instagram.com/samsunglions_baseballclub?utm_source=ig_web_button_share_sheet&igsh=ZDNlZDc5MzIxNw==
삼성,구자욱,62404,https://www.instagram.com/samsunglions_baseballclub?utm_source=ig_web_button_share_sheet&igsh=ZDNlZDc6MzIxNw==
삼성,권현우,55441,https://www.instagram.com/samsunglions_baseballclub?utm_source=ig_web_button_share_sheet&igsh=ZDNlZDc7MzIxNw==
삼성,김대우,61365,https://www.instagram.com/samsunglions_baseballclub?utm_source=ig_web_button_share_sheet&igsh=ZDNlZDc8MzIxNw==
삼성,김대호,54401,https://www.instagram.com/samsunglions_baseballclub?utm_source=ig_web_button_share_sheet&igsh=ZDNlZDc9MzIxNw==
삼성,김도환,69442,https://www.instagram.com/samsunglions_baseballclub?utm_source=ig_web_button_share_sheet&igsh=ZDNlZDc10MzIxNw==
삼성,김무신,68403,https://www.instagram.com/samsunglions_baseballclub?utm_source=ig_web_button_share_sheet&igsh=ZDNlZDc12MzIxNw==
삼성,김민수,64793,https://www.instagram.com/samsunglions_baseballclub?utm_source=ig_web_button_share_sheet&igsh=ZDNlZDc13MzIxNw==
삼성,김성윤,67449,https://www.instagram.com/samsunglions_baseballclub?utm_source=ig_web_button_share_sheet&igsh=ZDNlZDc18MzIxNw==
삼성,김영웅,52430,https://www.instagram.com/samsunglions_baseballclub?utm_source=ig_web_button_share_sheet&igsh=ZDNlZDc20MzIxNw==
삼성,김재성,65132,https://www.instagram.com/samsunglions_baseballclub?utm_source=ig_web_button_share_sheet&igsh=ZDNlZDc22MzIxNw==
삼성,김재윤,65062,https://www.instagram.com/samsunglions_baseballclub?utm_source=ig_web_button_share_sheet&igsh=ZDNlZDc23MzIxNw==
삼성,김재혁,52424,https://www.instagram.com/samsunglions_baseballclub?utm_source=ig_web_button_share_sheet&igsh=ZDNlZDc24MzIxNw==
삼성,김지찬,50458,https://www.instagram.com/samsunglions_baseballclub?utm_source=ig_web_button_share_sheet&igsh=ZDNlZDc26MzIxNw==
삼성,김태근,69207,https://www.instagram.com/samsunglions_baseballclub?utm_source=ig_web_button_share_sheet&igsh=ZDNlZDc27MzIxNw==
삼성,김태훈,62360,https://www.instagram.com/samsunglions_baseballclub?utm_source=ig_web_button_share_sheet&igsh=ZDNlZDc28MzIxNw==
삼성,김태훈,65040,https://www.instagram.com/samsunglions_baseballclub?utm_source=ig_web_button_share_sheet&igsh=ZDNlZDc29MzIxNw==
삼성,김헌곤,61404,https://www.instagram.com/samsunglions_baseballclub?utm_source=ig_web_button_share_sheet&igsh=ZDNlZDc30MzIxNw==
삼성,디아즈,54400,https://www.instagram.com/samsunglions_baseballclub?utm_source=ig_web_button_share_sheet&igsh=ZDNlZDc32MzIxNw==
삼성,레예스,54443,https://www.instagram.com/samsunglions_baseballclub?utm_source=ig_web_button_share_sheet&igsh=ZDNlZDc33MzIxNw==
삼성,류지혁,62234,https://www.instagram.com/samsunglions_baseballclub?utm_source=ig_web_button_share_sheet&igsh=ZDNlZDc34MzIxNw==
삼성,박병호,75125,https://www.instagram.com/samsunglions_baseballclub?utm_source=ig_web_button_share_sheet&igsh=ZDNlZDc35MzIxNw==
삼성,박승규,69418,https://www.instagram.com/samsunglions_baseballclub?utm_source=ig_web_button_share_sheet&igsh=ZDNlZDc36MzIxNw==
삼성,박진우,53411,https://www.instagram.com/samsunglions_baseballclub?utm_source=ig_web_button_share_sheet&igsh=ZDNlZDc40MzIxNw==
삼성,배찬승,55455,https://www.instagram.com/samsunglions_baseballclub?utm_source=ig_web_button_share_sheet&igsh=ZDNlZDc41MzIxNw==
삼성,백정현,77446,https://www.instagram.com/samsunglions_baseballclub?utm_source=ig_web_button_share_sheet&igsh=ZDNlZDc42MzIxNw==
삼성,송은범,73801,https://www.instagram.com/samsunglions_baseballclub?utm_source=ig_web_button_share_sheet&igsh=ZDNlZDc43MzIxNw==
삼성,심재훈,55438,https://www.instagram.com/samsunglions_baseballclub?utm_source=ig_web_button_share_sheet&igsh=ZDNlZDc47MzIxNw==
삼성,안주형,66406,https://www.instagram.com/samsunglions_baseballclub?utm_source=ig_web_button_share_sheet&igsh=ZDNlZDc48MzIxNw==
삼성,양도근,54408,https://www.instagram.com/samsunglions_baseballclub?utm_source=ig_web_button_share_sheet&igsh=ZDNlZDc49MzIxNw==
삼성,양우현,69403,https://www.instagram.com/samsunglions_baseballclub?utm_source=ig_web_button_share_sheet&igsh=ZDNlZDc50MzIxNw==
삼성,양창섭,68415,https://www.instagram.com/samsunglions_baseballclub?utm_source=ig_web_button_share_sheet&igsh=ZDNlZDc51MzIxNw==
삼성,양현,61268,https://www.instagram.com/samsunglions_baseballclub?utm_source=ig_web_button_share_sheet&igsh=ZDNlZDc52MzIxNw==
삼성,오승환,75421,https://www.instagram.com/samsunglions_baseballclub?utm_source=ig_web_button_share_sheet&igsh=ZDNlZDc53MzIxNw==
삼성,원태인,69446,https://www.instagram.com/samsunglions_baseballclub?utm_source=ig_web_button_share_sheet&igsh=ZDNlZDc56MzIxNw==
삼성,육선엽,54404,https://www.instagram.com/samsunglions_baseballclub?utm_source=ig_web_button_share_sheet&igsh=ZDNlZDc58MzIxNw==
삼성,윤정빈,68463,https://www.instagram.com/samsunglions_baseballclub?utm_source=ig_web_button_share_sheet&igsh=ZDNlZDc59MzIxNw==
삼성,이병헌,69428,https://www.instagram.com/samsunglions_baseballclub?utm_source=ig_web_button_share_sheet&igsh=ZDNlZDc60MzIxNw==
삼성,이상민,63960,https://www.instagram.com/samsunglions_baseballclub?utm_source=ig_web_button_share_sheet&igsh=ZDNlZDc61MzIxNw==
삼성,이성규,66409,https://www.instagram.com/samsunglions_baseballclub?utm_source=ig_web_button_share_sheet&igsh=ZDNlZDc62MzIxNw==
삼성,이승민,50464,https://www.instagram.com/samsunglions_baseballclub?utm_source=ig_web_button_share_sheet&igsh=ZDNlZDc63MzIxNw==
삼성,이승현,51454,https://www.instagram.com/samsunglions_baseballclub?utm_source=ig_web_button_share_sheet&igsh=ZDNlZDc64MzIxNw==
삼성,이승현,60146,https://www.instagram.com/samsunglions_baseballclub?utm_source=ig_web_button_share_sheet&igsh=ZDNlZDc65MzIxNw==
삼성,이재익,63492,https://www.instagram.com/samsunglions_baseballclub?utm_source=ig_web_button_share_sheet&igsh=ZDNlZDc66MzIxNw==
삼성,이재현,52415,https://www.instagram.com/samsunglions_baseballclub?utm_source=ig_web_button_share_sheet&igsh=ZDNlZDc67MzIxNw==
삼성,이재희,51460,https://www.instagram.com/samsunglions_baseballclub?utm_source=ig_web_button_share_sheet&igsh=ZDNlZDc68MzIxNw==
삼성,이창용,51407,https://www.instagram.com/samsunglions_baseballclub?utm_source=ig_web_button_share_sheet&igsh=ZDNlZDc70MzIxNw==
삼성,이해승,69416,https://www.instagram.com/samsunglions_baseballclub?utm_source=ig_web_button_share_sheet&igsh=ZDNlZDc71MzIxNw==
삼성,이호성,53455,https://www.instagram.com/samsunglions_baseballclub?utm_source=ig_web_button_share_sheet&igsh=ZDNlZDc73MzIxNw==
삼성,임창민,78352,https://www.instagram.com/samsunglions_baseballclub?utm_source=ig_web_button_share_sheet&igsh=ZDNlZDc74MzIxNw==
삼성,전병우,65586,https://www.instagram.com/samsunglions_baseballclub?utm_source=ig_web_button_share_sheet&igsh=ZDNlZDc75MzIxNw==
삼성,정민성,54467,https://www.instagram.com/samsunglions_baseballclub?utm_source=ig_web_button_share_sheet&igsh=ZDNlZDc76MzIxNw==
삼성,차승준,55435,https://www.instagram.com/samsunglions_baseballclub?utm_source=ig_web_button_share_sheet&igsh=ZDNlZDc81MzIxNw==
삼성,최성훈,62146,https://www.instagram.com/samsunglions_baseballclub?utm_source=ig_web_button_share_sheet&igsh=ZDNlZDc83MzIxNw==
삼성,최원태,65320,https://www.instagram.com/samsunglions_baseballclub?utm_source=ig_web_button_share_sheet&igsh=ZDNlZDc85MzIxNw==
삼성,최지광,67421,https://www.instagram.com/samsunglions_baseballclub?utm_source=ig_web_button_share_sheet&igsh=ZDNlZDc86MzIxNw==
삼성,최충연,66451,https://www.instagram.com/samsunglions_baseballclub?utm_source=ig_web_button_share_sheet&igsh=ZDNlZDc87MzIxNw==
삼성,최하늘,68501,https://www.instagram.com/samsunglions_baseballclub?utm_source=ig_web_button_share_sheet&igsh=ZDNlZDc88MzIxNw==
삼성,함수호,55440,https://www.instagram.com/samsunglions_baseballclub?utm_source=ig_web_button_share_sheet&igsh=ZDNlZDc89MzIxNw==
삼성,홍원표,50430,https://www.instagram.com/samsunglions_baseballclub?utm_source=ig_web_button_share_sheet&igsh=ZDNlZDc91MzIxNw==
삼성,홍현빈,67005,https://www.instagram.com/samsunglions_baseballclub?utm_source=ig_web_button_share_sheet&igsh=ZDNlZDc93MzIxNw==
삼성,황동재,50441,https://www.instagram.com/samsunglions_baseballclub?utm_source=ig_web_button_share_sheet&igsh=ZDNlZDc94MzIxNw==
삼성,후라도,53375,https://www.instagram.com/samsunglions_baseballclub?utm_source=ig_web_button_share_sheet&igsh=ZDNlZDc95MzIxNw==
KT,강건,53006,https://www.instagram.com/ktwiz.pr?utm_source=ig_web_button_share_sheet&igsh=ZDNlZDc0MzIxNw==
KT,강민성,69064,https://www.instagram.com/ktwiz.pr?utm_source=ig_web_button_share_sheet&igsh=ZDNlZDc1MzIxNw==
KT,강백호,68050,https://www.instagram.com/ktwiz.pr?utm_source=ig_web_button_share_sheet&igsh=ZDNlZDc2MzIxNw==
KT,강현우,50066,https://www.instagram.com/ktwiz.pr?utm_source=ig_web_button_share_sheet&igsh=ZDNlZDc3MzIxNw==
KT,고영표,64001,https://www.instagram.com/ktwiz.pr?utm_source=ig_web_button_share_sheet&igsh=ZDNlZDc4MzIxNw==
KT,권동진,51003,https://www.instagram.com/ktwiz.pr?utm_source=ig_web_button_share_sheet&igsh=ZDNlZDc5MzIxNw==
KT,김건형,51005,https://www.instagram.com/ktwiz.pr?utm_source=ig_web_button_share_sheet&igsh=ZDNlZDc7MzIxNw==
KT,김동현,55040,https://www.instagram.com/ktwiz.pr?utm_source=ig_web_button_share_sheet&igsh=ZDNlZDc8MzIxNw==
KT,김민석,54097,https://www.instagram.com/ktwiz.pr?utm_source=ig_web_button_share_sheet&igsh=ZDNlZDc9MzIxNw==
KT,김민수,65048,https://www.instagram.com/ktwiz.pr?utm_source=ig_web_button_share_sheet&igsh=ZDNlZDc10MzIxNw==
KT,김민혁,64004,https://www.instagram.com/ktwiz.pr?utm_source=ig_web_button_share_sheet&igsh=ZDNlZDc11MzIxNw==
KT,김병준,52002,https://www.instagram.com/ktwiz.pr?utm_source=ig_web_button_share_sheet&igsh=ZDNlZDc12MzIxNw==
KT,김상수,79402,https://www.instagram.com/ktwiz.pr?utm_source=ig_web_button_share_sheet&igsh=ZDNlZDc13MzIxNw==
KT,김재원,55043,https://www.instagram.com/ktwiz.pr?utm_source=ig_web_button_share_sheet&igsh=ZDNlZDc14MzIxNw==
KT,김주완,51299,https://www.instagram.com/ktwiz.pr?utm_source=ig_web_button_share_sheet&igsh=ZDNlZDc15MzIxNw==
KT,로하스,67025,https://www.instagram.com/ktwiz.pr?utm_source=ig_web_button_share_sheet&igsh=ZDNlZDc18MzIxNw==
KT,문상철,64007,https://www.instagram.com/ktwiz.pr?utm_source=ig_web_button_share_sheet&igsh=ZDNlZDc20MzIxNw==
KT,문용익,67419,https://www.instagram.com/ktwiz.pr?utm_source=ig_web_button_share_sheet&igsh=ZDNlZDc21MzIxNw==
KT,박건우,55046,https://www.instagram.com/ktwiz.pr?utm_source=ig_web_button_share_sheet&igsh=ZDNlZDc22MzIxNw==
KT,박민석,55004,https://www.instagram.com/ktwiz.pr?utm_source=ig_web_button_share_sheet&igsh=ZDNlZDc23MzIxNw==
KT,박민석,69056,https://www.instagram.com/ktwiz.pr?utm_source=ig_web_button_share_sheet&igsh=ZDNlZDc24MzIxNw==
KT,박영현,52060,https://www.instagram.com/ktwiz.pr?utm_source=ig_web_button_share_sheet&igsh=ZDNlZDc25MzIxNw==
KT,배정대,64166,https://www.instagram.com/ktwiz.pr?utm_source=ig_web_button_share_sheet&igsh=ZDNlZDc28MzIxNw==
KT,배제성,65516,https://www.instagram.com/ktwiz.pr?utm_source=ig_web_button_share_sheet&igsh=ZDNlZDc29MzIxNw==
KT,성재헌,50109,https://www.instagram.com/ktwiz.pr?utm_source=ig_web_button_share_sheet&igsh=ZDNlZDc31MzIxNw==
KT,소형준,50030,https://www.instagram.com/ktwiz.pr?utm_source=ig_web_button_share_sheet&igsh=ZDNlZDc32MzIxNw==
KT,손동현,69041,https://www.instagram.com/ktwiz.pr?utm_source=ig_web_button_share_sheet&igsh=ZDNlZDc33MzIxNw==
KT,송민섭,64012,https://www.instagram.com/ktwiz.pr?utm_source=ig_web_button_share_sheet&igsh=ZDNlZDc35MzIxNw==
KT,스티븐슨,55013,https://www.instagram.com/ktwiz.pr?utm_source=ig_web_button_share_sheet&igsh=ZDNlZDc36MzIxNw==
KT,안치영,67006,https://www.instagram.com/ktwiz.pr?utm_source=ig_web_button_share_sheet&igsh=ZDNlZDc39MzIxNw==
KT,안현민,52001,https://www.instagram.com/ktwiz.pr?utm_source=ig_web_button_share_sheet&igsh=ZDNlZDc40MzIxNw==
KT,오서진,55005,https://www.instagram.com/ktwiz.pr?utm_source=ig_web_button_share_sheet&igsh=ZDNlZDc41MzIxNw==
KT,오원석,50859,https://www.instagram.com/ktwiz.pr?utm_source=ig_web_button_share_sheet&igsh=ZDNlZDc42MzIxNw==
KT,오윤석,64504,https://www.instagram.com/ktwiz.pr?utm_source=ig_web_button_share_sheet&igsh=ZDNlZDc43MzIxNw==
KT,오재일,75334,https://www.instagram.com/ktwiz.pr?utm_source=ig_web_button_share_sheet&igsh=ZDNlZDc44MzIxNw==
KT,우규민,73117,https://www.instagram.com/ktwiz.pr?utm_source=ig_web_button_share_sheet&igsh=ZDNlZDc45MzIxNw==
KT,원상현,54063,https://www.instagram.com/ktwiz.pr?utm_source=ig_web_button_share_sheet&igsh=ZDNlZDc47MzIxNw==
KT,유준규,51013,https://www.instagram.com/ktwiz.pr?utm_source=ig_web_button_share_sheet&igsh=ZDNlZDc48MzIxNw==
KT,육청명,54064,https://www.instagram.com/ktwiz.pr?utm_source=ig_web_button_share_sheet&igsh=ZDNlZDc50MzIxNw==
KT,윤준혁,50092,https://www.instagram.com/ktwiz.pr?utm_source=ig_web_button_share_sheet&igsh=ZDNlZDc52MzIxNw==
KT,이상동,69054,https://www.instagram.com/ktwiz.pr?utm_source=ig_web_button_share_sheet&igsh=ZDNlZDc53MzIxNw==
KT,이선우,69068,https://www.instagram.com/ktwiz.pr?utm_source=ig_web_button_share_sheet&igsh=ZDNlZDc55MzIxNw==
KT,이정현,67048,https://www.instagram.com/ktwiz.pr?utm_source=ig_web_button_share_sheet&igsh=ZDNlZDc60MzIxNw==
KT,이정훈,67644,https://www.instagram.com/ktwiz.pr?utm_source=ig_web_button_share_sheet&igsh=ZDNlZDc62MzIxNw==
KT,이채호,68896,https://www.instagram.com/ktwiz.pr?utm_source=ig_web_button_share_sheet&igsh=ZDNlZDc65MzIxNw==
KT,이태규,69623,https://www.instagram.com/ktwiz.pr?utm_source=ig_web_button_share_sheet&igsh=ZDNlZDc66MzIxNw==
KT,이현민,54014,https://www.instagram.com/ktwiz.pr?utm_source=ig_web_button_share_sheet&igsh=ZDNlZDc67MzIxNw==
KT,이호연,68504,https://www.instagram.com/ktwiz.pr?utm_source=ig_web_button_share_sheet&igsh=ZDNlZDc68MzIxNw==
KT,임준형,69113,https://www.instagram.com/ktwiz.pr?utm_source=ig_web_button_share_sheet&igsh=ZDNlZDc69MzIxNw==
KT,장성우,78548,https://www.instagram.com/ktwiz.pr?utm_source=ig_web_button_share_sheet&igsh=ZDNlZDc71MzIxNw==
KT,장준원,64115,https://www.instagram.com/ktwiz.pr?utm_source=ig_web_button_share_sheet&igsh=ZDNlZDc72MzIxNw==
KT,장진혁,66706,https://www.instagram.com/ktwiz.pr?utm_source=ig_web_button_share_sheet&igsh=ZDNlZDc73MzIxNw==
KT,전용주,69047,https://www.instagram.com/ktwiz.pr?utm_source=ig_web_button_share_sheet&igsh=ZDNlZDc74MzIxNw==
KT,조대현,68089,https://www.instagram.com/ktwiz.pr?utm_source=ig_web_button_share_sheet&igsh=ZDNlZDc78MzIxNw==
KT,조이현,64768,https://www.instagram.com/ktwiz.pr?utm_source=ig_web_button_share_sheet&igsh=ZDNlZDc79MzIxNw==
KT,주권,65060,https://www.instagram.com/ktwiz.pr?utm_source=ig_web_button_share_sheet&igsh=ZDNlZDc80MzIxNw==
KT,최동환,79140,https://www.instagram.com/ktwiz.pr?utm_source=ig_web_button_share_sheet&igsh=ZDNlZDc82MzIxNw==
KT,최성민,51007,https://www.instagram.com/ktwiz.pr?utm_source=ig_web_button_share_sheet&igsh=ZDNlZDc84MzIxNw==
KT,최용준,50650,https://www.instagram.com/ktwiz.pr?utm_source=ig_web_button_share_sheet&igsh=ZDNlZDc85MzIxNw==
KT,쿠에바스,69032,https://www.instagram.com/ktwiz.pr?utm_source=ig_web_button_share_sheet&igsh=ZDNlZDc86MzIxNw==
KT,패트릭,55032,https://www.instagram.com/ktwiz.pr?utm_source=ig_web_button_share_sheet&igsh=ZDNlZDc87MzIxNw==
KT,한차현,51058,https://www.instagram.com/ktwiz.pr?utm_source=ig_web_button_share_sheet&igsh=ZDNlZDc89MzIxNw==
KT,허경민,79240,https://www.instagram.com/ktwiz.pr?utm_source=ig_web_button_share_sheet&igsh=ZDNlZDc90MzIxNw==
KT,헤이수스,54354,https://www.instagram.com/ktwiz.pr?utm_source=ig_web_button_share_sheet&igsh=ZDNlZDc91MzIxNw==
KT,황재균,76313,https://www.instagram.com/ktwiz.pr?utm_source=ig_web_button_share_sheet&igsh=ZDNlZDc92MzIxNw==
NC,고승완,54908,https://www.instagram.com/ncdinos2011?utm_source=ig_web_button_share_sheet&igsh=ZDNlZDc1MzIxNw==
NC,구창모,65933,https://www.instagram.com/ncdinos2011?utm_source=ig_web_button_share_sheet&igsh=ZDNlZDc2MzIxNw==
NC,권희동,63963,https://www.instagram.com/ncdinos2011?utm_source=ig_web_button_share_sheet&igsh=ZDNlZDc3MzIxNw==
NC,김녹원,52995,https://www.instagram.com/ncdinos2011?utm_source=ig_web_button_share_sheet&igsh=ZDNlZDc4MzIxNw==
NC,김민규,54913,https://www.instagram.com/ncdinos2011?utm_source=ig_web_button_share_sheet&igsh=ZDNlZDc6MzIxNw==
NC,김범준,69980,https://www.instagram.com/ncdinos2011?utm_source=ig_web_button_share_sheet&igsh=ZDNlZDc8MzIxNw==
NC,김세훈,54905,https://www.instagram.com/ncdinos2011?utm_source=ig_web_button_share_sheet&igsh=ZDNlZDc9MzIxNw==
NC,김영규,68900,https://www.instagram.com/ncdinos2011?utm_source=ig_web_button_share_sheet&igsh=ZDNlZDc10MzIxNw==
NC,김재열,64580,https://www.instagram.com/ncdinos2011?utm_source=ig_web_button_share_sheet&igsh=ZDNlZDc11MzIxNw==
NC,김정호,51903,https://www.instagram.com/ncdinos2011?utm_source=ig_web_button_share_sheet&igsh=ZDNlZDc12MzIxNw==
NC,김주원,51907,https://www.instagram.com/ncdinos2011?utm_source=ig_web_button_share_sheet&igsh=ZDNlZDc13MzIxNw==
NC,김진호,67954,https://www.instagram.com/ncdinos2011?utm_source=ig_web_button_share_sheet&igsh=ZDNlZDc16MzIxNw==
NC,김태경,50992,https://www.instagram.com/ncdinos2011?utm_source=ig_web_button_share_sheet&igsh=ZDNlZDc17MzIxNw==
NC,김태현,67956,https://www.instagram.com/ncdinos2011?utm_source=ig_web_button_share_sheet&igsh=ZDNlZDc18MzIxNw==
NC,김태훈,55995,https://www.instagram.com/ncdinos2011?utm_source=ig_web_button_share_sheet&igsh=ZDNlZDc20MzIxNw==
NC,김한별,50902,https://www.instagram.com/ncdinos2011?utm_source=ig_web_button_share_sheet&igsh=ZDNlZDc21MzIxNw==
NC,김형준,68912,https://www.instagram.com/ncdinos2011?utm_source=ig_web_button_share_sheet&igsh=ZDNlZDc22MzIxNw==
NC,김휘건,54959,https://www.instagram.com/ncdinos2011?utm_source=ig_web_button_share_sheet&igsh=ZDNlZDc23MzIxNw==
NC,김휘집,51344,https://www.instagram.com/ncdinos2011?utm_source=ig_web_button_share_sheet&igsh=ZDNlZDc24MzIxNw==
NC,데이비슨,54944,https://www.instagram.com/ncdinos2011?utm_source=ig_web_button_share_sheet&igsh=ZDNlZDc26MzIxNw==
NC,도태훈,66965,https://www.instagram.com/ncdinos2011?utm_source=ig_web_button_share_sheet&igsh=ZDNlZDc27MzIxNw==
NC,라일리,55903,https://www.instagram.com/ncdinos2011?utm_source=ig_web_button_share_sheet&igsh=ZDNlZDc28MzIxNw==
NC,로건,55912,https://www.instagram.com/ncdinos2011?utm_source=ig_web_button_share_sheet&igsh=ZDNlZDc29MzIxNw==
NC,류진욱,65949,https://www.instagram.com/ncdinos2011?utm_source=ig_web_button_share_sheet&igsh=ZDNlZDc30MzIxNw==
NC,목지훈,53973,https://www.instagram.com/ncdinos2011?utm_source=ig_web_button_share_sheet&igsh=ZDNlZDc31MzIxNw==
NC,박건우,79215,https://www.instagram.com/ncdinos2011?utm_source=ig_web_button_share_sheet&igsh=ZDNlZDc32MzIxNw==
NC,박민우,62907,https://www.instagram.com/ncdinos2011?utm_source=ig_web_button_share_sheet&igsh=ZDNlZDc34MzIxNw==
NC,박세혁,62244,https://www.instagram.com/ncdinos2011?utm_source=ig_web_button_share_sheet&igsh=ZDNlZDc36MzIxNw==
NC,박시원,50996,https://www.instagram.com/ncdinos2011?utm_source=ig_web_button_share_sheet&igsh=ZDNlZDc37MzIxNw==
NC,박영빈,50906,https://www.instagram.com/ncdinos2011?utm_source=ig_web_button_share_sheet&igsh=ZDNlZDc38MzIxNw==
NC,박주현,68097,https://www.instagram.com/ncdinos2011?utm_source=ig_web_button_share_sheet&igsh=ZDNlZDc41MzIxNw==
NC,배재환,64995,https://www.instagram.com/ncdinos2011?utm_source=ig_web_button_share_sheet&igsh=ZDNlZDc44MzIxNw==
NC,서의태,66068,https://www.instagram.com/ncdinos2011?utm_source=ig_web_button_share_sheet&igsh=ZDNlZDc46MzIxNw==
NC,서호철,69995,https://www.instagram.com/ncdinos2011?utm_source=ig_web_button_share_sheet&igsh=ZDNlZDc48MzIxNw==
NC,소이현,67962,https://www.instagram.com/ncdinos2011?utm_source=ig_web_button_share_sheet&igsh=ZDNlZDc49MzIxNw==
NC,손주환,54904,https://www.instagram.com/ncdinos2011?utm_source=ig_web_button_share_sheet&igsh=ZDNlZDc50MzIxNw==
NC,송승환,69203,https://www.instagram.com/ncdinos2011?utm_source=ig_web_button_share_sheet&igsh=ZDNlZDc51MzIxNw==
NC,신민혁,68902,https://www.instagram.com/ncdinos2011?utm_source=ig_web_button_share_sheet&igsh=ZDNlZDc53MzIxNw==
NC,신영우,53919,https://www.instagram.com/ncdinos2011?utm_source=ig_web_button_share_sheet&igsh=ZDNlZDc55MzIxNw==
NC,안인산,50901,https://www.instagram.com/ncdinos2011?utm_source=ig_web_button_share_sheet&igsh=ZDNlZDc57MzIxNw==
NC,안중열,64022,https://www.instagram.com/ncdinos2011?utm_source=ig_web_button_share_sheet&igsh=ZDNlZDc58MzIxNw==
NC,오영수,68904,https://www.instagram.com/ncdinos2011?utm_source=ig_web_button_share_sheet&igsh=ZDNlZDc60MzIxNw==
NC,오태양,51996,https://www.instagram.com/ncdinos2011?utm_source=ig_web_button_share_sheet&igsh=ZDNlZDc62MzIxNw==
NC,원종해,54906,https://www.instagram.com/ncdinos2011?utm_source=ig_web_button_share_sheet&igsh=ZDNlZDc63MzIxNw==
NC,이세민,55997,https://www.instagram.com/ncdinos2011?utm_source=ig_web_button_share_sheet&igsh=ZDNlZDc65MzIxNw==
NC,이용찬,77211,https://www.instagram.com/ncdinos2011?utm_source=ig_web_button_share_sheet&igsh=ZDNlZDc66MzIxNw==
NC,이우성,63260,https://www.instagram.com/ncdinos2011?utm_source=ig_web_button_share_sheet&igsh=ZDNlZDc67MzIxNw==
NC,이재학,60263,https://www.instagram.com/ncdinos2011?utm_source=ig_web_button_share_sheet&igsh=ZDNlZDc68MzIxNw==
NC,이준혁,52992,https://www.instagram.com/ncdinos2011?utm_source=ig_web_button_share_sheet&igsh=ZDNlZDc69MzIxNw==
NC,임상현,54900,https://www.instagram.com/ncdinos2011?utm_source=ig_web_button_share_sheet&igsh=ZDNlZDc71MzIxNw==
NC,임정호,63959,https://www.instagram.com/ncdinos2011?utm_source=ig_web_button_share_sheet&igsh=ZDNlZDc72MzIxNw==
NC,임지민,52902,https://www.instagram.com/ncdinos2011?utm_source=ig_web_button_share_sheet&igsh=ZDNlZDc73MzIxNw==
NC,장창훈,55993,https://www.instagram.com/ncdinos2011?utm_source=ig_web_button_share_sheet&igsh=ZDNlZDc75MzIxNw==
NC,전루건,69204,https://www.instagram.com/ncdinos2011?utm_source=ig_web_button_share_sheet&igsh=ZDNlZDc76MzIxNw==
NC,전사민,69969,https://www.instagram.com/ncdinos2011?utm_source=ig_web_button_share_sheet&igsh=ZDNlZDc77MzIxNw==
NC,조민석,52903,https://www.instagram.com/ncdinos2011?utm_source=ig_web_button_share_sheet&igsh=ZDNlZDc80MzIxNw==
NC,천재환,67905,https://www.instagram.com/ncdinos2011?utm_source=ig_web_button_share_sheet&igsh=ZDNlZDc84MzIxNw==
NC,최성영,66920,https://www.instagram.com/ncdinos2011?utm_source=ig_web_button_share_sheet&igsh=ZDNlZDc86MzIxNw==
NC,최우석,54903,https://www.instagram.com/ncdinos2011?utm_source=ig_web_button_share_sheet&igsh=ZDNlZDc87MzIxNw==
NC,최원준,66606,https://www.instagram.com/ncdinos2011?utm_source=ig_web_button_share_sheet&igsh=ZDNlZDc88MzIxNw==
NC,최정원,69992,https://www.instagram.com/ncdinos2011?utm_source=ig_web_button_share_sheet&igsh=ZDNlZDc90MzIxNw==
NC,하준영,68639,https://www.instagram.com/ncdinos2011?utm_source=ig_web_button_share_sheet&igsh=ZDNlZDc91MzIxNw==
NC,한석현,64101,https://www.instagram.com/ncdinos2011?utm_source=ig_web_button_share_sheet&igsh=ZDNlZDc92MzIxNw==
NC,한재환,50903,https://www.instagram.com/ncdinos2011?utm_source=ig_web_button_share_sheet&igsh=ZDNlZDc93MzIxNw==
NC,홍재문,55996,https://www.instagram.com/ncdinos2011?utm_source=ig_web_button_share_sheet&igsh=ZDNlZDc95MzIxNw==
NC,홍종표,50600,https://www.instagram.com/ncdinos2011?utm_source=ig_web_button_share_sheet&igsh=ZDNlZDc96MzIxNw==
롯데,감보아,55532,https://www.instagram.com/busanlottegiants?utm_source=ig_web_button_share_sheet&igsh=ZDNlZDc0MzIxNw==
롯데,강승구,54506,https://www.instagram.com/busanlottegiants?utm_source=ig_web_button_share_sheet&igsh=ZDNlZDc2MzIxNw==
롯데,고승민,69517,https://www.instagram.com/busanlottegiants?utm_source=ig_web_button_share_sheet&igsh=ZDNlZDc3MzIxNw==
롯데,구승민,63543,https://www.instagram.com/busanlottegiants?utm_source=ig_web_button_share_sheet&igsh=ZDNlZDc4MzIxNw==
롯데,김강현,65522,https://www.instagram.com/busanlottegiants?utm_source=ig_web_button_share_sheet&igsh=ZDNlZDc5MzIxNw==
롯데,김도규,68585,https://www.instagram.com/busanlottegiants?utm_source=ig_web_button_share_sheet&igsh=ZDNlZDc8MzIxNw==
롯데,김동혁,52504,https://www.instagram.com/busanlottegiants?utm_source=ig_web_button_share_sheet&igsh=ZDNlZDc10MzIxNw==
롯데,김동현,55502,https://www.instagram.com/busanlottegiants?utm_source=ig_web_button_share_sheet&igsh=ZDNlZDc11MzIxNw==
롯데,김민성,77564,https://www.instagram.com/busanlottegiants?utm_source=ig_web_button_share_sheet&igsh=ZDNlZDc12MzIxNw==
롯데,김상수,76430,https://www.instagram.com/busanlottegiants?utm_source=ig_web_button_share_sheet&igsh=ZDNlZDc13MzIxNw==
롯데,김세민,52514,https://www.instagram.com/busanlottegiants?utm_source=ig_web_button_share_sheet&igsh=ZDNlZDc14MzIxNw==
롯데,김원중,62528,https://www.instagram.com/busanlottegiants?utm_source=ig_web_button_share_sheet&igsh=ZDNlZDc15MzIxNw==
롯데,김진욱,51516,https://www.instagram.com/busanlottegiants?utm_source=ig_web_button_share_sheet&igsh=ZDNlZDc16MzIxNw==
롯데,김태현,55566,https://www.instagram.com/busanlottegiants?utm_source=ig_web_button_share_sheet&igsh=ZDNlZDc19MzIxNw==
롯데,나균안,67539,https://www.instagram.com/busanlottegiants?utm_source=ig_web_button_share_sheet&igsh=ZDNlZDc21MzIxNw==
롯데,나승엽,51551,https://www.instagram.com/busanlottegiants?utm_source=ig_web_button_share_sheet&igsh=ZDNlZDc22MzIxNw==
롯데,노진혁,62931,https://www.instagram.com/busanlottegiants?utm_source=ig_web_button_share_sheet&igsh=ZDNlZDc23MzIxNw==
롯데,데이비슨,55536,https://www.instagram.com/busanlottegiants?utm_source=ig_web_button_share_sheet&igsh=ZDNlZDc24MzIxNw==
롯데,레이예스,54529,https://www.instagram.com/busanlottegiants?utm_source=ig_web_button_share_sheet&igsh=ZDNlZDc25MzIxNw==
롯데,박건우,55509,https://www.instagram.com/busanlottegiants?utm_source=ig_web_button_share_sheet&igsh=ZDNlZDc27MzIxNw==
롯데,박세웅,64021,https://www.instagram.com/busanlottegiants?utm_source=ig_web_button_share_sheet&igsh=ZDNlZDc29MzIxNw==
롯데,박세진,66047,https://www.instagram.com/busanlottegiants?utm_source=ig_web_button_share_sheet&igsh=ZDNlZDc30MzIxNw==
롯데,박세현,55568,https://www.instagram.com/busanlottegiants?utm_source=ig_web_button_share_sheet&igsh=ZDNlZDc31MzIxNw==
롯데,박승욱,62802,https://www.instagram.com/busanlottegiants?utm_source=ig_web_button_share_sheet&igsh=ZDNlZDc32MzIxNw==
롯데,박시영,60559,https://www.instagram.com/busanlottegiants?utm_source=ig_web_button_share_sheet&igsh=ZDNlZDc33MzIxNw==
롯데,박재엽,55563,https://www.instagram.com/busanlottegiants?utm_source=ig_web_button_share_sheet&igsh=ZDNlZDc35MzIxNw==
롯데,박준우,54503,https://www.instagram.com/busanlottegiants?utm_source=ig_web_button_share_sheet&igsh=ZDNlZDc36MzIxNw==
롯데,박진,69594,https://www.instagram.com/busanlottegiants?utm_source=ig_web_button_share_sheet&igsh=ZDNlZDc38MzIxNw==
롯데,박진형,63512,https://www.instagram.com/busanlottegiants?utm_source=ig_web_button_share_sheet&igsh=ZDNlZDc39MzIxNw==
롯데,박찬형,55530,https://www.instagram.com/busanlottegiants?utm_source=ig_web_button_share_sheet&igsh=ZDNlZDc40MzIxNw==
롯데,반즈,52528,https://www.instagram.com/busanlottegiants?utm_source=ig_web_button_share_sheet&igsh=ZDNlZDc41MzIxNw==
롯데,백두산,54507,https://www.instagram.com/busanlottegiants?utm_source=ig_web_button_share_sheet&igsh=ZDNlZDc44MzIxNw==
롯데,벨라스케즈,55526,https://www.instagram.com/busanlottegiants?utm_source=ig_web_button_share_sheet&igsh=ZDNlZDc45MzIxNw==
롯데,서동욱,53569,https://www.instagram.com/busanlottegiants?utm_source=ig_web_button_share_sheet&igsh=ZDNlZDc46MzIxNw==
롯데,손성빈,51528,https://www.instagram.com/busanlottegiants?utm_source=ig_web_button_share_sheet&igsh=ZDNlZDc48MzIxNw==
롯데,손호영,50150,https://www.instagram.com/busanlottegiants?utm_source=ig_web_button_share_sheet&igsh=ZDNlZDc49MzIxNw==
롯데,송재영,51594,https://www.instagram.com/busanlottegiants?utm_source=ig_web_button_share_sheet&igsh=ZDNlZDc50MzIxNw==
롯데,신병률,68067,https://www.instagram.com/busanlottegiants?utm_source=ig_web_button_share_sheet&igsh=ZDNlZDc51MzIxNw==
롯데,신윤후,69508,https://www.instagram.com/busanlottegiants?utm_source=ig_web_button_share_sheet&igsh=ZDNlZDc52MzIxNw==
롯데,심재민,64017,https://www.instagram.com/busanlottegiants?utm_source=ig_web_button_share_sheet&igsh=ZDNlZDc53MzIxNw==
롯데,유강남,61102,https://www.instagram.com/busanlottegiants?utm_source=ig_web_button_share_sheet&igsh=ZDNlZDc56MzIxNw==
롯데,윤동희,52591,https://www.instagram.com/busanlottegiants?utm_source=ig_web_button_share_sheet&igsh=ZDNlZDc58MzIxNw==
롯데,윤성빈,67588,https://www.instagram.com/busanlottegiants?utm_source=ig_web_button_share_sheet&igsh=ZDNlZDc59MzIxNw==
롯데,이민석,52530,https://www.instagram.com/busanlottegiants?utm_source=ig_web_button_share_sheet&igsh=ZDNlZDc61MzIxNw==
롯데,이병준,51592,https://www.instagram.com/busanlottegiants?utm_source=ig_web_button_share_sheet&igsh=ZDNlZDc62MzIxNw==
롯데,이영재,55503,https://www.instagram.com/busanlottegiants?utm_source=ig_web_button_share_sheet&igsh=ZDNlZDc65MzIxNw==
롯데,이인한,50608,https://www.instagram.com/busanlottegiants?utm_source=ig_web_button_share_sheet&igsh=ZDNlZDc66MzIxNw==
롯데,이태경,55511,https://www.instagram.com/busanlottegiants?utm_source=ig_web_button_share_sheet&igsh=ZDNlZDc68MzIxNw==
롯데,이호준,54598,https://www.instagram.com/busanlottegiants?utm_source=ig_web_button_share_sheet&igsh=ZDNlZDc69MzIxNw==
롯데,장두성,68507,https://www.instagram.com/busanlottegiants?utm_source=ig_web_button_share_sheet&igsh=ZDNlZDc70MzIxNw==
롯데,전민재,68205,https://www.instagram.com/busanlottegiants?utm_source=ig_web_button_share_sheet&igsh=ZDNlZDc72MzIxNw==
롯데,전준우,78513,https://www.instagram.com/busanlottegiants?utm_source=ig_web_button_share_sheet&igsh=ZDNlZDc73MzIxNw==
롯데,정보근,68518,https://www.instagram.com/busanlottegiants?utm_source=ig_web_button_share_sheet&igsh=ZDNlZDc74MzIxNw==
롯데,정성종,68556,https://www.instagram.com/busanlottegiants?utm_source=ig_web_button_share_sheet&igsh=ZDNlZDc76MzIxNw==
롯데,정우준,51546,https://www.instagram.com/busanlottegiants?utm_source=ig_web_button_share_sheet&igsh=ZDNlZDc77MzIxNw==
롯데,정철원,68242,https://www.instagram.com/busanlottegiants?utm_source=ig_web_button_share_sheet&igsh=ZDNlZDc78MzIxNw==
롯데,정현수,54537,https://www.instagram.com/busanlottegiants?utm_source=ig_web_button_share_sheet&igsh=ZDNlZDc79MzIxNw==
롯데,정훈,60523,https://www.instagram.com/busanlottegiants?utm_source=ig_web_button_share_sheet&igsh=ZDNlZDc80MzIxNw==
롯데,조세진,52516,https://www.instagram.com/busanlottegiants?utm_source=ig_web_button_share_sheet&igsh=ZDNlZDc83MzIxNw==
롯데,진해수,76650,https://www.instagram.com/busanlottegiants?utm_source=ig_web_button_share_sheet&igsh=ZDNlZDc86MzIxNw==
롯데,최준용,50556,https://www.instagram.com/busanlottegiants?utm_source=ig_web_button_share_sheet&igsh=ZDNlZDc89MzIxNw==
롯데,최항,62884,https://www.instagram.com/busanlottegiants?utm_source=ig_web_button_share_sheet&igsh=ZDNlZDc90MzIxNw==
롯데,한승현,55506,https://www.instagram.com/busanlottegiants?utm_source=ig_web_button_share_sheet&igsh=ZDNlZDc92MzIxNw==
롯데,한태양,52568,https://www.instagram.com/busanlottegiants?utm_source=ig_web_button_share_sheet&igsh=ZDNlZDc93MzIxNw==
롯데,한현희,62363,https://www.instagram.com/busanlottegiants?utm_source=ig_web_button_share_sheet&igsh=ZDNlZDc94MzIxNw==
롯데,현도훈,68260,https://www.instagram.com/busanlottegiants?utm_source=ig_web_button_share_sheet&igsh=ZDNlZDc95MzIxNw==
롯데,홍민기,50596,https://www.instagram.com/busanlottegiants?utm_source=ig_web_button_share_sheet&igsh=ZDNlZDc96MzIxNw==
롯데,황성빈,50500,https://www.instagram.com/busanlottegiants?utm_source=ig_web_button_share_sheet&igsh=ZDNlZDc97MzIxNw==
KIA,고종욱,61353,https://www.instagram.com/always_kia_tigers?utm_source=ig_web_button_share_sheet&igsh=ZDNlZDc4MzIxNw==
KIA,곽도규,53609,https://www.instagram.com/always_kia_tigers?utm_source=ig_web_button_share_sheet&igsh=ZDNlZDc5MzIxNw==
KIA,김건국,76225,https://www.instagram.com/always_kia_tigers?utm_source=ig_web_button_share_sheet&igsh=ZDNlZDc7MzIxNw==
KIA,김규성,66614,https://www.instagram.com/always_kia_tigers?utm_source=ig_web_button_share_sheet&igsh=ZDNlZDc9MzIxNw==
KIA,김기훈,69620,https://www.instagram.com/always_kia_tigers?utm_source=ig_web_button_share_sheet&igsh=ZDNlZDc10MzIxNw==
KIA,김대유,60337,https://www.instagram.com/always_kia_tigers?utm_source=ig_web_button_share_sheet&igsh=ZDNlZDc11MzIxNw==
KIA,김도영,52605,https://www.instagram.com/always_kia_tigers?utm_source=ig_web_button_share_sheet&igsh=ZDNlZDc12MzIxNw==
KIA,김도현,69745,https://www.instagram.com/always_kia_tigers?utm_source=ig_web_button_share_sheet&igsh=ZDNlZDc13MzIxNw==
KIA,김민재,54608,https://www.instagram.com/always_kia_tigers?utm_source=ig_web_button_share_sheet&igsh=ZDNlZDc16MzIxNw==
KIA,김민주,54645,https://www.instagram.com/always_kia_tigers?utm_source=ig_web_button_share_sheet&igsh=ZDNlZDc17MzIxNw==
KIA,김사윤,63894,https://www.instagram.com/always_kia_tigers?utm_source=ig_web_button_share_sheet&igsh=ZDNlZDc18MzIxNw==
KIA,김석환,67610,https://www.instagram.com/always_kia_tigers?utm_source=ig_web_button_share_sheet&igsh=ZDNlZDc19MzIxNw==
KIA,김선빈,78603,https://www.instagram.com/always_kia_tigers?utm_source=ig_web_button_share_sheet&igsh=ZDNlZDc20MzIxNw==
KIA,김승현,66492,https://www.instagram.com/always_kia_tigers?utm_source=ig_web_button_share_sheet&igsh=ZDNlZDc23MzIxNw==
KIA,김시훈,68928,https://www.instagram.com/always_kia_tigers?utm_source=ig_web_button_share_sheet&igsh=ZDNlZDc24MzIxNw==
KIA,김정엽,55646,https://www.instagram.com/always_kia_tigers?utm_source=ig_web_button_share_sheet&igsh=ZDNlZDc27MzIxNw==
KIA,김태군,78122,https://www.instagram.com/always_kia_tigers?utm_source=ig_web_button_share_sheet&igsh=ZDNlZDc28MzIxNw==
KIA,김태형,55610,https://www.instagram.com/always_kia_tigers?utm_source=ig_web_button_share_sheet&igsh=ZDNlZDc29MzIxNw==
KIA,김현수,69516,https://www.instagram.com/always_kia_tigers?utm_source=ig_web_button_share_sheet&igsh=ZDNlZDc30MzIxNw==
KIA,김호령,65653,https://www.instagram.com/always_kia_tigers?utm_source=ig_web_button_share_sheet&igsh=ZDNlZDc31MzIxNw==
KIA,나성범,62947,https://www.instagram.com/always_kia_tigers?utm_source=ig_web_button_share_sheet&igsh=ZDNlZDc32MzIxNw==
KIA,네일,54640,https://www.instagram.com/always_kia_tigers?utm_source=ig_web_button_share_sheet&igsh=ZDNlZDc34MzIxNw==
KIA,박민,50657,https://www.instagram.com/always_kia_tigers?utm_source=ig_web_button_share_sheet&igsh=ZDNlZDc36MzIxNw==
KIA,박재현,55636,https://www.instagram.com/always_kia_tigers?utm_source=ig_web_button_share_sheet&igsh=ZDNlZDc38MzIxNw==
KIA,박정우,67609,https://www.instagram.com/always_kia_tigers?utm_source=ig_web_button_share_sheet&igsh=ZDNlZDc39MzIxNw==
KIA,박준표,63638,https://www.instagram.com/always_kia_tigers?utm_source=ig_web_button_share_sheet&igsh=ZDNlZDc40MzIxNw==
KIA,박찬호,64646,https://www.instagram.com/always_kia_tigers?utm_source=ig_web_button_share_sheet&igsh=ZDNlZDc41MzIxNw==
KIA,박헌,55637,https://www.instagram.com/always_kia_tigers?utm_source=ig_web_button_share_sheet&igsh=ZDNlZDc42MzIxNw==
KIA,변우혁,69727,https://www.instagram.com/always_kia_tigers?utm_source=ig_web_button_share_sheet&igsh=ZDNlZDc43MzIxNw==
KIA,서건창,78168,https://www.instagram.com/always_kia_tigers?utm_source=ig_web_button_share_sheet&igsh=ZDNlZDc44MzIxNw==
KIA,성영탁,54610,https://www.instagram.com/always_kia_tigers?utm_source=ig_web_button_share_sheet&igsh=ZDNlZDc45MzIxNw==
KIA,양수호,55659,https://www.instagram.com/always_kia_tigers?utm_source=ig_web_button_share_sheet&igsh=ZDNlZDc47MzIxNw==
KIA,양현종,77637,https://www.instagram.com/always_kia_tigers?utm_source=ig_web_button_share_sheet&igsh=ZDNlZDc48MzIxNw==
KIA,오선우,69636,https://www.instagram.com/always_kia_tigers?utm_source=ig_web_button_share_sheet&igsh=ZDNlZDc52MzIxNw==
KIA,올러,55633,https://www.instagram.com/always_kia_tigers?utm_source=ig_web_button_share_sheet&igsh=ZDNlZDc54MzIxNw==
KIA,위즈덤,55645,https://www.instagram.com/always_kia_tigers?utm_source=ig_web_button_share_sheet&igsh=ZDNlZDc55MzIxNw==
KIA,유승철,67640,https://www.instagram.com/always_kia_tigers?utm_source=ig_web_button_share_sheet&igsh=ZDNlZDc56MzIxNw==
KIA,유지성,50604,https://www.instagram.com/always_kia_tigers?utm_source=ig_web_button_share_sheet&igsh=ZDNlZDc57MzIxNw==
KIA,윤도현,52667,https://www.instagram.com/always_kia_tigers?utm_source=ig_web_button_share_sheet&igsh=ZDNlZDc58MzIxNw==
KIA,윤영철,53613,https://www.instagram.com/always_kia_tigers?utm_source=ig_web_button_share_sheet&igsh=ZDNlZDc59MzIxNw==
KIA,윤중현,68619,https://www.instagram.com/always_kia_tigers?utm_source=ig_web_button_share_sheet&igsh=ZDNlZDc60MzIxNw==
KIA,이도현,53615,https://www.instagram.com/always_kia_tigers?utm_source=ig_web_button_share_sheet&igsh=ZDNlZDc61MzIxNw==
KIA,이성원,55632,https://www.instagram.com/always_kia_tigers?utm_source=ig_web_button_share_sheet&igsh=ZDNlZDc63MzIxNw==
KIA,이의리,51648,https://www.instagram.com/always_kia_tigers?utm_source=ig_web_button_share_sheet&igsh=ZDNlZDc66MzIxNw==
KIA,이준영,65665,https://www.instagram.com/always_kia_tigers?utm_source=ig_web_button_share_sheet&igsh=ZDNlZDc68MzIxNw==
KIA,이창진,64560,https://www.instagram.com/always_kia_tigers?utm_source=ig_web_button_share_sheet&igsh=ZDNlZDc69MzIxNw==
KIA,이형범,62951,https://www.instagram.com/always_kia_tigers?utm_source=ig_web_button_share_sheet&igsh=ZDNlZDc70MzIxNw==
KIA,이호민,55663,https://www.instagram.com/always_kia_tigers?utm_source=ig_web_button_share_sheet&igsh=ZDNlZDc71MzIxNw==
KIA,임기영,62754,https://www.instagram.com/always_kia_tigers?utm_source=ig_web_button_share_sheet&igsh=ZDNlZDc72MzIxNw==
KIA,장재혁,50641,https://www.instagram.com/always_kia_tigers?utm_source=ig_web_button_share_sheet&igsh=ZDNlZDc76MzIxNw==
KIA,전상현,66609,https://www.instagram.com/always_kia_tigers?utm_source=ig_web_button_share_sheet&igsh=ZDNlZDc77MzIxNw==
KIA,정해영,50662,https://www.instagram.com/always_kia_tigers?utm_source=ig_web_button_share_sheet&igsh=ZDNlZDc78MzIxNw==
KIA,정해원,53659,https://www.instagram.com/always_kia_tigers?utm_source=ig_web_button_share_sheet&igsh=ZDNlZDc79MzIxNw==
KIA,정현창,55926,https://www.instagram.com/always_kia_tigers?utm_source=ig_web_button_share_sheet&igsh=ZDNlZDc80MzIxNw==
KIA,조상우,63342,https://www.instagram.com/always_kia_tigers?utm_source=ig_web_button_share_sheet&igsh=ZDNlZDc82MzIxNw==
KIA,주효상,66354,https://www.instagram.com/always_kia_tigers?utm_source=ig_web_button_share_sheet&igsh=ZDNlZDc83MzIxNw==
KIA,최정용,65464,https://www.instagram.com/always_kia_tigers?utm_source=ig_web_button_share_sheet&igsh=ZDNlZDc85MzIxNw==
KIA,최지민,52639,https://www.instagram.com/always_kia_tigers?utm_source=ig_web_button_share_sheet&igsh=ZDNlZDc86MzIxNw==
KIA,최형우,72443,https://www.instagram.com/always_kia_tigers?utm_source=ig_web_button_share_sheet&igsh=ZDNlZDc87MzIxNw==
KIA,한승택,63722,https://www.instagram.com/always_kia_tigers?utm_source=ig_web_button_share_sheet&igsh=ZDNlZDc89MzIxNw==
KIA,한재승,51994,https://www.instagram.com/always_kia_tigers?utm_source=ig_web_button_share_sheet&igsh=ZDNlZDc90MzIxNw==
KIA,한준수,68646,https://www.instagram.com/always_kia_tigers?utm_source=ig_web_button_share_sheet&igsh=ZDNlZDc91MzIxNw==
KIA,홍원빈,69643,https://www.instagram.com/always_kia_tigers?utm_source=ig_web_button_share_sheet&igsh=ZDNlZDc92MzIxNw==
KIA,황대인,65610,https://www.instagram.com/always_kia_tigers?utm_source=ig_web_button_share_sheet&igsh=ZDNlZDc93MzIxNw==
KIA,황동하,52641,https://www.instagram.com/always_kia_tigers?utm_source=ig_web_button_share_sheet&igsh=ZDNlZDc94MzIxNw==
두산,강승호,63123,https://www.instagram.com/doosanbears.1982?utm_source=ig_web_button_share_sheet&igsh=ZDNlZDc1MzIxNw==
두산,강현구,51269,https://www.instagram.com/doosanbears.1982?utm_source=ig_web_button_share_sheet&igsh=ZDNlZDc2MzIxNw==
두산,고효준,72523,https://www.instagram.com/doosanbears.1982?utm_source=ig_web_button_share_sheet&igsh=ZDNlZDc3MzIxNw==
두산,곽빈,68220,https://www.instagram.com/doosanbears.1982?utm_source=ig_web_button_share_sheet&igsh=ZDNlZDc4MzIxNw==
두산,김기연,66112,https://www.instagram.com/doosanbears.1982?utm_source=ig_web_button_share_sheet&igsh=ZDNlZDc6MzIxNw==
두산,김대한,69238,https://www.instagram.com/doosanbears.1982?utm_source=ig_web_button_share_sheet&igsh=ZDNlZDc7MzIxNw==
두산,김동준,52267,https://www.instagram.com/doosanbears.1982?utm_source=ig_web_button_share_sheet&igsh=ZDNlZDc9MzIxNw==
두산,김명신,67246,https://www.instagram.com/doosanbears.1982?utm_source=ig_web_button_share_sheet&igsh=ZDNlZDc10MzIxNw==
두산,김민규,68200,https://www.instagram.com/doosanbears.1982?utm_source=ig_web_button_share_sheet&igsh=ZDNlZDc12MzIxNw==
두산,김민석,53554,https://www.instagram.com/doosanbears.1982?utm_source=ig_web_button_share_sheet&igsh=ZDNlZDc13MzIxNw==
두산,김민혁,65269,https://www.instagram.com/doosanbears.1982?utm_source=ig_web_button_share_sheet&igsh=ZDNlZDc14MzIxNw==
두산,김성재,55216,https://www.instagram.com/doosanbears.1982?utm_source=ig_web_button_share_sheet&igsh=ZDNlZDc16MzIxNw==
두산,김유성,53262,https://www.instagram.com/doosanbears.1982?utm_source=ig_web_button_share_sheet&igsh=ZDNlZDc17MzIxNw==
두산,김인태,63257,https://www.instagram.com/doosanbears.1982?utm_source=ig_web_button_share_sheet&igsh=ZDNlZDc18MzIxNw==
두산,김재환,78224,https://www.instagram.com/doosanbears.1982?utm_source=ig_web_button_share_sheet&igsh=ZDNlZDc20MzIxNw==
두산,김정우,68830,https://www.instagram.com/doosanbears.1982?utm_source=ig_web_button_share_sheet&igsh=ZDNlZDc21MzIxNw==
두산,김준상,55226,https://www.instagram.com/doosanbears.1982?utm_source=ig_web_button_share_sheet&igsh=ZDNlZDc22MzIxNw==
두산,김택연,54263,https://www.instagram.com/doosanbears.1982?utm_source=ig_web_button_share_sheet&igsh=ZDNlZDc25MzIxNw==
두산,김한중,55221,https://www.instagram.com/doosanbears.1982?utm_source=ig_web_button_share_sheet&igsh=ZDNlZDc26MzIxNw==
두산,김호준,68269,https://www.instagram.com/doosanbears.1982?utm_source=ig_web_button_share_sheet&igsh=ZDNlZDc27MzIxNw==
두산,류현준,54219,https://www.instagram.com/doosanbears.1982?utm_source=ig_web_button_share_sheet&igsh=ZDNlZDc29MzIxNw==
두산,박계범,64468,https://www.instagram.com/doosanbears.1982?utm_source=ig_web_button_share_sheet&igsh=ZDNlZDc30MzIxNw==
두산,박민준,53204,https://www.instagram.com/doosanbears.1982?utm_source=ig_web_button_share_sheet&igsh=ZDNlZDc32MzIxNw==
두산,박성재,51298,https://www.instagram.com/doosanbears.1982?utm_source=ig_web_button_share_sheet&igsh=ZDNlZDc33MzIxNw==
두산,박신지,68249,https://www.instagram.com/doosanbears.1982?utm_source=ig_web_button_share_sheet&igsh=ZDNlZDc34MzIxNw==
두산,박정수,65639,https://www.instagram.com/doosanbears.1982?utm_source=ig_web_button_share_sheet&igsh=ZDNlZDc37MzIxNw==
두산,박준순,55252,https://www.instagram.com/doosanbears.1982?utm_source=ig_web_button_share_sheet&igsh=ZDNlZDc38MzIxNw==
두산,박준영,66928,https://www.instagram.com/doosanbears.1982?utm_source=ig_web_button_share_sheet&igsh=ZDNlZDc39MzIxNw==
두산,박지호,54213,https://www.instagram.com/doosanbears.1982?utm_source=ig_web_button_share_sheet&igsh=ZDNlZDc40MzIxNw==
두산,박지훈,50204,https://www.instagram.com/doosanbears.1982?utm_source=ig_web_button_share_sheet&igsh=ZDNlZDc41MzIxNw==
두산,박치국,67266,https://www.instagram.com/doosanbears.1982?utm_source=ig_web_button_share_sheet&igsh=ZDNlZDc42MzIxNw==
두산,안재석,51203,https://www.instagram.com/doosanbears.1982?utm_source=ig_web_button_share_sheet&igsh=ZDNlZDc45MzIxNw==
두산,양석환,64153,https://www.instagram.com/doosanbears.1982?utm_source=ig_web_button_share_sheet&igsh=ZDNlZDc46MzIxNw==
두산,양의지,76232,https://www.instagram.com/doosanbears.1982?utm_source=ig_web_button_share_sheet&igsh=ZDNlZDc47MzIxNw==
두산,양재훈,55215,https://www.instagram.com/doosanbears.1982?utm_source=ig_web_button_share_sheet&igsh=ZDNlZDc48MzIxNw==
두산,여동건,54205,https://www.instagram.com/doosanbears.1982?utm_source=ig_web_button_share_sheet&igsh=ZDNlZDc50MzIxNw==
두산,오명진,50208,https://www.instagram.com/doosanbears.1982?utm_source=ig_web_button_share_sheet&igsh=ZDNlZDc52MzIxNw==
두산,윤태호,52202,https://www.instagram.com/doosanbears.1982?utm_source=ig_web_button_share_sheet&igsh=ZDNlZDc53MzIxNw==
두산,이교훈,69205,https://www.instagram.com/doosanbears.1982?utm_source=ig_web_button_share_sheet&igsh=ZDNlZDc54MzIxNw==
두산,이병헌,52204,https://www.instagram.com/doosanbears.1982?utm_source=ig_web_button_share_sheet&igsh=ZDNlZDc56MzIxNw==
두산,이선우,55224,https://www.instagram.com/doosanbears.1982?utm_source=ig_web_button_share_sheet&igsh=ZDNlZDc57MzIxNw==
두산,이승진,64805,https://www.instagram.com/doosanbears.1982?utm_source=ig_web_button_share_sheet&igsh=ZDNlZDc58MzIxNw==
두산,이영하,66291,https://www.instagram.com/doosanbears.1982?utm_source=ig_web_button_share_sheet&igsh=ZDNlZDc59MzIxNw==
두산,이유찬,67207,https://www.instagram.com/doosanbears.1982?utm_source=ig_web_button_share_sheet&igsh=ZDNlZDc60MzIxNw==
두산,임종성,54236,https://www.instagram.com/doosanbears.1982?utm_source=ig_web_button_share_sheet&igsh=ZDNlZDc63MzIxNw==
두산,장승현,63202,https://www.instagram.com/doosanbears.1982?utm_source=ig_web_button_share_sheet&igsh=ZDNlZDc65MzIxNw==
두산,잭로그,55239,https://www.instagram.com/doosanbears.1982?utm_source=ig_web_button_share_sheet&igsh=ZDNlZDc67MzIxNw==
두산,전다민,54214,https://www.instagram.com/doosanbears.1982?utm_source=ig_web_button_share_sheet&igsh=ZDNlZDc68MzIxNw==
두산,정수빈,79231,https://www.instagram.com/doosanbears.1982?utm_source=ig_web_button_share_sheet&igsh=ZDNlZDc69MzIxNw==
두산,제환유,50211,https://www.instagram.com/doosanbears.1982?utm_source=ig_web_button_share_sheet&igsh=ZDNlZDc71MzIxNw==
두산,조수행,66209,https://www.instagram.com/doosanbears.1982?utm_source=ig_web_button_share_sheet&igsh=ZDNlZDc72MzIxNw==
두산,천현재,52208,https://www.instagram.com/doosanbears.1982?utm_source=ig_web_button_share_sheet&igsh=ZDNlZDc76MzIxNw==
두산,최민석,55268,https://www.instagram.com/doosanbears.1982?utm_source=ig_web_button_share_sheet&igsh=ZDNlZDc77MzIxNw==
두산,최승용,51264,https://www.instagram.com/doosanbears.1982?utm_source=ig_web_button_share_sheet&igsh=ZDNlZDc79MzIxNw==
두산,최원준,67263,https://www.instagram.com/doosanbears.1982?utm_source=ig_web_button_share_sheet&igsh=ZDNlZDc82MzIxNw==
두산,최종인,50206,https://www.instagram.com/doosanbears.1982?utm_source=ig_web_button_share_sheet&igsh=ZDNlZDc83MzIxNw==
두산,최준호,53259,https://www.instagram.com/doosanbears.1982?utm_source=ig_web_button_share_sheet&igsh=ZDNlZDc84MzIxNw==
두산,최지강,52206,https://www.instagram.com/doosanbears.1982?utm_source=ig_web_button_share_sheet&igsh=ZDNlZDc85MzIxNw==
두산,추재현,68362,https://www.instagram.com/doosanbears.1982?utm_source=ig_web_button_share_sheet&igsh=ZDNlZDc86MzIxNw==
두산,케이브,55208,https://www.instagram.com/doosanbears.1982?utm_source=ig_web_button_share_sheet&igsh=ZDNlZDc87MzIxNw==
두산,콜어빈,55257,https://www.instagram.com/doosanbears.1982?utm_source=ig_web_button_share_sheet&igsh=ZDNlZDc88MzIxNw==
두산,홍건희,61643,https://www.instagram.com/doosanbears.1982?utm_source=ig_web_button_share_sheet&igsh=ZDNlZDc90MzIxNw==
두산,홍민규,55267,https://www.instagram.com/doosanbears.1982?utm_source=ig_web_button_share_sheet&igsh=ZDNlZDc91MzIxNw==
두산,홍성호,66233,https://www.instagram.com/doosanbears.1982?utm_source=ig_web_button_share_sheet&igsh=ZDNlZDc92MzIxNw==
두산,황희천,55258,https://www.instagram.com/doosanbears.1982?utm_source=ig_web_button_share_sheet&igsh=ZDNlZDc93MzIxNw==
키움,강진성,62925,https://www.instagram.com/heroesbaseballclub?utm_source=ig_web_button_share_sheet&igsh=ZDNlZDc0MzIxNw==
키움,고영우,54344,https://www.instagram.com/heroesbaseballclub?utm_source=ig_web_button_share_sheet&igsh=ZDNlZDc1MzIxNw==
키움,권혁빈,55371,https://www.instagram.com/heroesbaseballclub?utm_source=ig_web_button_share_sheet&igsh=ZDNlZDc2MzIxNw==
키움,김건희,53312,https://www.instagram.com/heroesbaseballclub?utm_source=ig_web_button_share_sheet&igsh=ZDNlZDc3MzIxNw==
키움,김동규,53164,https://www.instagram.com/heroesbaseballclub?utm_source=ig_web_button_share_sheet&igsh=ZDNlZDc4MzIxNw==
키움,김동엽,66838,https://www.instagram.com/heroesbaseballclub?utm_source=ig_web_button_share_sheet&igsh=ZDNlZDc5MzIxNw==
키움,김동헌,53344,https://www.instagram.com/heroesbaseballclub?utm_source=ig_web_button_share_sheet&igsh=ZDNlZDc6MzIxNw==
키움,김병휘,50304,https://www.instagram.com/heroesbaseballclub?utm_source=ig_web_button_share_sheet&igsh=ZDNlZDc8MzIxNw==
키움,김서준,55359,https://www.instagram.com/heroesbaseballclub?utm_source=ig_web_button_share_sheet&igsh=ZDNlZDc9MzIxNw==
키움,김선기,66018,https://www.instagram.com/heroesbaseballclub?utm_source=ig_web_button_share_sheet&igsh=ZDNlZDc10MzIxNw==
키움,김성민,67828,https://www.instagram.com/heroesbaseballclub?utm_source=ig_web_button_share_sheet&igsh=ZDNlZDc11MzIxNw==
키움,김연주,54368,https://www.instagram.com/heroesbaseballclub?utm_source=ig_web_button_share_sheet&igsh=ZDNlZDc13MzIxNw==
키움,김웅빈,65898,https://www.instagram.com/heroesbaseballclub?utm_source=ig_web_button_share_sheet&igsh=ZDNlZDc14MzIxNw==
키움,김윤하,54319,https://www.instagram.com/heroesbaseballclub?utm_source=ig_web_button_share_sheet&igsh=ZDNlZDc15MzIxNw==
키움,김인범,69367,https://www.instagram.com/heroesbaseballclub?utm_source=ig_web_button_share_sheet&igsh=ZDNlZDc16MzIxNw==
키움,김재현,62332,https://www.instagram.com/heroesbaseballclub?utm_source=ig_web_button_share_sheet&igsh=ZDNlZDc17MzIxNw==
키움,김태진,64984,https://www.instagram.com/heroesbaseballclub?utm_source=ig_web_button_share_sheet&igsh=ZDNlZDc20MzIxNw==
키움,로젠버그,55322,https://www.instagram.com/heroesbaseballclub?utm_source=ig_web_button_share_sheet&igsh=ZDNlZDc21MzIxNw==
키움,메르세데스,55342,https://www.instagram.com/heroesbaseballclub?utm_source=ig_web_button_share_sheet&igsh=ZDNlZDc22MzIxNw==
키움,박범준,54304,https://www.instagram.com/heroesbaseballclub?utm_source=ig_web_button_share_sheet&igsh=ZDNlZDc23MzIxNw==
키움,박성빈,53305,https://www.instagram.com/heroesbaseballclub?utm_source=ig_web_button_share_sheet&igsh=ZDNlZDc24MzIxNw==
키움,박수종,52305,https://www.instagram.com/heroesbaseballclub?utm_source=ig_web_button_share_sheet&igsh=ZDNlZDc25MzIxNw==
키움,박윤성,53301,https://www.instagram.com/heroesbaseballclub?utm_source=ig_web_button_share_sheet&igsh=ZDNlZDc27MzIxNw==
키움,박정훈,55394,https://www.instagram.com/heroesbaseballclub?utm_source=ig_web_button_share_sheet&igsh=ZDNlZDc28MzIxNw==
키움,박주성,69328,https://www.instagram.com/heroesbaseballclub?utm_source=ig_web_button_share_sheet&igsh=ZDNlZDc29MzIxNw==
키움,박주홍,50357,https://www.instagram.com/heroesbaseballclub?utm_source=ig_web_button_share_sheet&igsh=ZDNlZDc30MzIxNw==
키움,변상권,68305,https://www.instagram.com/heroesbaseballclub?utm_source=ig_web_button_share_sheet&igsh=ZDNlZDc34MzIxNw==
키움,서유신,53309,https://www.instagram.com/heroesbaseballclub?utm_source=ig_web_button_share_sheet&igsh=ZDNlZDc35MzIxNw==
키움,손현기,54363,https://www.instagram.com/heroesbaseballclub?utm_source=ig_web_button_share_sheet&igsh=ZDNlZDc36MzIxNw==
키움,손힘찬,55300,https://www.instagram.com/heroesbaseballclub?utm_source=ig_web_button_share_sheet&igsh=ZDNlZDc37MzIxNw==
키움,송성문,65357,https://www.instagram.com/heroesbaseballclub?utm_source=ig_web_button_share_sheet&igsh=ZDNlZDc38MzIxNw==
키움,송정인,52391,https://www.instagram.com/heroesbaseballclub?utm_source=ig_web_button_share_sheet&igsh=ZDNlZDc39MzIxNw==
키움,송지후,54394,https://www.instagram.com/heroesbaseballclub?utm_source=ig_web_button_share_sheet&igsh=ZDNlZDc40MzIxNw==
키움,스톤,55326,https://www.instagram.com/heroesbaseballclub?utm_source=ig_web_button_share_sheet&igsh=ZDNlZDc41MzIxNw==
키움,안우진,68341,https://www.instagram.com/heroesbaseballclub?utm_source=ig_web_button_share_sheet&igsh=ZDNlZDc43MzIxNw==
키움,알칸타라,69045,https://www.instagram.com/heroesbaseballclub?utm_source=ig_web_button_share_sheet&igsh=ZDNlZDc44MzIxNw==
키움,양지율,67365,https://www.instagram.com/heroesbaseballclub?utm_source=ig_web_button_share_sheet&igsh=ZDNlZDc46MzIxNw==
키움,양현종,55370,https://www.instagram.com/heroesbaseballclub?utm_source=ig_web_button_share_sheet&igsh=ZDNlZDc47MzIxNw==
키움,어준서,55392,https://www.instagram.com/heroesbaseballclub?utm_source=ig_web_button_share_sheet&igsh=ZDNlZDc48MzIxNw==
키움,여동욱,55393,https://www.instagram.com/heroesbaseballclub?utm_source=ig_web_button_share_sheet&igsh=ZDNlZDc49MzIxNw==
키움,염승원,55339,https://www.instagram.com/heroesbaseballclub?utm_source=ig_web_button_share_sheet&igsh=ZDNlZDc50MzIxNw==
키움,오석주,67116,https://www.instagram.com/heroesbaseballclub?utm_source=ig_web_button_share_sheet&igsh=ZDNlZDc52MzIxNw==
키움,오선진,78756,https://www.instagram.com/heroesbaseballclub?utm_source=ig_web_button_share_sheet&igsh=ZDNlZDc53MzIxNw==
키움,원성준,54307,https://www.instagram.com/heroesbaseballclub?utm_source=ig_web_button_share_sheet&igsh=ZDNlZDc55MzIxNw==
키움,원종현,76118,https://www.instagram.com/heroesbaseballclub?utm_source=ig_web_button_share_sheet&igsh=ZDNlZDc56MzIxNw==
키움,웰스,55348,https://www.instagram.com/heroesbaseballclub?utm_source=ig_web_button_share_sheet&igsh=ZDNlZDc57MzIxNw==
키움,윤석원,52395,https://www.instagram.com/heroesbaseballclub?utm_source=ig_web_button_share_sheet&igsh=ZDNlZDc58MzIxNw==
키움,윤현,55396,https://www.instagram.com/heroesbaseballclub?utm_source=ig_web_button_share_sheet&igsh=ZDNlZDc59MzIxNw==
키움,이강준,50036,https://www.instagram.com/heroesbaseballclub?utm_source=ig_web_button_share_sheet&igsh=ZDNlZDc60MzIxNw==
키움,이원석,75566,https://www.instagram.com/heroesbaseballclub?utm_source=ig_web_button_share_sheet&igsh=ZDNlZDc65MzIxNw==
키움,이재상,54305,https://www.instagram.com/heroesbaseballclub?utm_source=ig_web_button_share_sheet&igsh=ZDNlZDc66MzIxNw==
키움,이종민,50354,https://www.instagram.com/heroesbaseballclub?utm_source=ig_web_button_share_sheet&igsh=ZDNlZDc67MzIxNw==
키움,이주형,50167,https://www.instagram.com/heroesbaseballclub?utm_source=ig_web_button_share_sheet&igsh=ZDNlZDc68MzIxNw==
키움,이주형,51302,https://www.instagram.com/heroesbaseballclub?utm_source=ig_web_button_share_sheet&igsh=ZDNlZDc69MzIxNw==
키움,이준우,55301,https://www.instagram.com/heroesbaseballclub?utm_source=ig_web_button_share_sheet&igsh=ZDNlZDc70MzIxNw==
키움,이형종,78135,https://www.instagram.com/heroesbaseballclub?utm_source=ig_web_button_share_sheet&igsh=ZDNlZDc72MzIxNw==
키움,임병욱,64346,https://www.instagram.com/heroesbaseballclub?utm_source=ig_web_button_share_sheet&igsh=ZDNlZDc73MzIxNw==
키움,임지열,64340,https://www.instagram.com/heroesbaseballclub?utm_source=ig_web_button_share_sheet&igsh=ZDNlZDc74MzIxNw==
키움,임진묵,55382,https://www.instagram.com/heroesbaseballclub?utm_source=ig_web_button_share_sheet&igsh=ZDNlZDc75MzIxNw==
키움,장재영,51359,https://www.instagram.com/heroesbaseballclub?utm_source=ig_web_button_share_sheet&igsh=ZDNlZDc76MzIxNw==
키움,장필준,77927,https://www.instagram.com/heroesbaseballclub?utm_source=ig_web_button_share_sheet&igsh=ZDNlZDc77MzIxNw==
키움,전준표,54362,https://www.instagram.com/heroesbaseballclub?utm_source=ig_web_button_share_sheet&igsh=ZDNlZDc78MzIxNw==
키움,전태현,55397,https://www.instagram.com/heroesbaseballclub?utm_source=ig_web_button_share_sheet&igsh=ZDNlZDc79MzIxNw==
키움,정세영,55377,https://www.instagram.com/heroesbaseballclub?utm_source=ig_web_button_share_sheet&igsh=ZDNlZDc81MzIxNw==
키움,정현우,55313,https://www.instagram.com/heroesbaseballclub?utm_source=ig_web_button_share_sheet&igsh=ZDNlZDc82MzIxNw==
키움,조영건,69360,https://www.instagram.com/heroesbaseballclub?utm_source=ig_web_button_share_sheet&igsh=ZDNlZDc84MzIxNw==
키움,주성원,69332,https://www.instagram.com/heroesbaseballclub?utm_source=ig_web_button_share_sheet&igsh=ZDNlZDc85MzIxNw==
키움,주승우,52330,https://www.instagram.com/heroesbaseballclub?utm_source=ig_web_button_share_sheet&igsh=ZDNlZDc86MzIxNw==
키움,최주환,76267,https://www.instagram.com/heroesbaseballclub?utm_source=ig_web_button_share_sheet&igsh=ZDNlZDc87MzIxNw==
키움,카디네스,54444,https://www.instagram.com/heroesbaseballclub?utm_source=ig_web_button_share_sheet&igsh=ZDNlZDc88MzIxNw==
키움,푸이그,52366,https://www.instagram.com/heroesbaseballclub?utm_source=ig_web_button_share_sheet&igsh=ZDNlZDc89MzIxNw==
키움,하영민,64350,https://www.instagram.com/heroesbaseballclub?utm_source=ig_web_button_share_sheet&igsh=ZDNlZDc90MzIxNw==
